T amb [°C], Irr [W/m2]
9.1,0
9.3,0
9.1,0
9,0
8.8,0
8.7,0
8.7,0
8.6,0
8.7,2
9.4,41
10.1,76
10.7,104
11.2,128
11.5,116
11.6,87
11.3,49
10.8,3
10.4,0
9.9,0
9.6,0
9.3,0
8.9,0
8.5,0
8.1,0
7.1,0
6,0
4.9,0
4.3,0
3.7,0
3.1,0
2.7,0
2.2,0
2.2,2
3.7,104
4.9,176
6,252
6.9,301
7.4,279
7.7,272
7.2,134
6,14
5.5,0
4.9,0
4.4,0
3.8,0
3.3,0
2.7,0
2.2,0
2.1,0
2,0
1.9,0
1.9,0
1.8,0
1.8,0
1.8,0
1.8,0
2.1,5
4,97
5.9,181
7.6,252
8.8,272
9.5,257
9.5,174
8.8,93
7.6,3
7.1,0
6.6,0
6.2,0
5.7,0
5.2,0
4.7,0
4.2,0
3.5,0
2.8,0
2.1,0
1.7,0
1.4,0
1,0
0.7,0
0.4,0
0.5,2
2.2,104
3.4,160
4.5,216
5.4,265
6.5,343
6.6,218
6,112
4.9,16
4.4,0
3.8,0
3.3,0
2.7,0
2.2,0
1.6,0
1.1,0
0.7,0
0.3,0
-0.1,0
-0.3,0
-0.5,0
-0.7,0
-0.9,0
-1,0
-0.7,8
1.2,105
3.1,200
5,300
6.2,301
6.5,233
6.6,206
6,129
4.7,16
4.3,0
3.8,0
3.3,0
2.8,0
2.4,0
1.9,0
1.4,0
1,0
0.5,0
0,0
-0.2,0
-0.5,0
-0.7,0
-0.9,0
-1,0
-1,2
0.4,79
1.7,155
3,219
3.8,234
4.3,214
4.3,161
3.7,83
2.8,4
2.4,0
2,0
1.6,0
1.2,0
0.8,0
0.4,0
0,0
-0.3,0
-0.6,0
-0.8,0
-1,0
-1.1,0
-1.2,0
-1.3,0
-1.4,0
-1.3,2
0.7,95
2.6,182
4.3,260
5.5,275
6.4,289
6.7,229
6.3,146
5.1,21
4.4,0
3.8,0
3.2,0
2.6,0
2,0
1.3,0
0.7,0
0,0
-0.8,0
-1.5,0
-1.9,0
-2.3,0
-2.7,0
-3,0
-3.3,0
-3.1,5
-1.3,105
0.6,211
2.3,291
3.6,337
4.4,327
4.7,283
4.3,176
2.9,27
2.2,0
1.5,0
0.8,0
0.1,0
-0.6,0
-1.4,0
-2.1,0
-2.6,0
-3.3,0
-3.9,0
-4.2,0
-4.5,0
-4.8,0
-5.1,0
-5.3,0
-5.1,7
-2.7,129
-0.4,246
1.5,330
3,369
3.8,355
4,285
3.4,177
1.8,27
1.4,0
1,0
0.6,0
0.2,0
-0.2,0
-0.6,0
-1,0
-1.2,0
-1.4,0
-1.6,0
-1.7,0
-1.8,0
-1.9,0
-2.1,0
-2,0
-1.9,2
-1.7,10
-1.5,20
-1.3,26
-1.2,29
0.7,292
2,266
2.5,190
2,32
1.8,0
1.6,0
1.4,0
1.2,0
1,0
0.8,0
0.6,0
0.3,0
0.1,0
-0.2,0
-0.2,0
-0.3,0
-0.4,0
-0.5,0
-0.5,0
-0.3,5
0.8,67
0.8,35
1.7,135
2.8,213
3.7,245
3.4,79
2.9,33
2.3,5
1.8,0
1.4,0
1,0
0.6,0
0.1,0
-0.3,0
-0.9,0
-1.7,0
-2.9,0
-4,0
-5.3,0
-5.2,0
-5.9,0
-6.4,0
-6.9,0
-7.1,2
-7.4,28
-7.7,56
-8,78
-8.3,94
-8.5,90
-8.7,59
-8.4,37
-8.5,11
-8.6,0
-8.7,0
-8.9,0
-9,0
-9.2,0
-8.5,0
-8.2,0
-7.8,0
-7.3,0
-6.8,0
-6.4,0
-6.1,0
-5.8,0
-5.6,0
-5.3,0
-5.1,2
-3.4,57
-1.8,106
-0.2,164
1.1,181
2.3,222
2.9,176
2.9,122
2,32
0.9,0
0.8,0
0.7,0
0.6,0
0.5,0
0.4,0
0.2,0
-0.3,0
-0.9,0
-1.5,0
-1.8,0
-2.1,0
-2.4,0
-2.6,0
-2.9,0
-2.6,7
-2.1,37
-2.1,23
-2.1,30
-0.8,202
0.2,220
0.9,233
1.2,179
0.9,75
0.2,0
-0.4,0
-1,0
-1.6,0
-2.2,0
-2.8,0
-3.4,0
-3.9,0
-4.4,0
-5,0
-5.3,0
-5.6,0
-5.9,0
-6.1,0
-6.3,0
-6.3,2
-5.2,65
-4.3,117
-3.1,193
-2.2,226
-1.8,191
-1.8,142
-2.2,89
-2.9,42
-3.6,0
-3.8,0
-4,0
-4.2,0
-4.4,0
-4.6,0
-4.7,0
-4.7,0
-4.7,0
-4.6,0
-4.5,0
-4.5,0
-4.4,0
-4.4,0
-4.3,0
-4,6
-2.4,71
-0.7,147
0.8,195
1.7,201
2,150
2.3,176
1.7,70
1.2,56
0.3,0
0,0
-0.2,0
-0.4,0
-0.7,0
-0.9,0
-1.1,0
-1.6,0
-2,0
-2.4,0
-2.6,0
-2.8,0
-3,0
-3.1,0
-3.3,0
-3,7
-0.9,113
1.1,207
2.9,286
4.3,337
5.3,330
5.6,277
4.7,113
3.5,49
2.2,0
1.9,0
1.6,0
1.3,0
0.9,0
0.6,0
0.3,0
-0.1,0
-0.4,0
-0.8,0
-1,0
-1.2,0
-1.4,0
-1.5,0
-1.6,0
-1.2,10
1.4,135
3.5,230
5.9,357
7.3,353
7.9,302
7.7,211
7.1,156
5.8,57
4.4,0
4.2,0
4,0
3.9,0
3.7,0
3.5,0
3.3,0
3.2,0
3,0
2.9,0
2.8,0
2.8,0
2.7,0
2.7,0
2.6,0
2.8,3
3.1,13
3,24
3.6,31
3.8,35
5.6,263
6.7,215
7,143
6.7,53
6.1,0
5.9,0
5.6,0
5.4,0
5.1,0
4.9,0
4.7,0
4.3,0
3.9,0
3.6,0
3.4,0
3.1,0
2.9,0
2.8,0
2.6,0
2.7,3
3.3,41
3.8,68
4.3,98
4.7,113
4.9,105
4.9,86
4.7,60
4.4,27
4,0
3.8,0
3.1,0
3.3,0
3.2,0
3.1,0
2.9,0
2.9,0
2.9,0
2.9,0
2.9,0
2.9,0
2.9,0
2.9,0
2.9,0
3,2
4,44
5.7,127
7.5,205
8.2,169
8.5,146
8.8,152
8.7,109
8,47
7.1,1
7.1,0
7,0
7.1,0
7,0
7,0
7,0
6.6,0
5.7,0
6.5,0
6.6,0
6.6,0
6.6,0
6.5,0
6.5,0
6.6,3
7,20
7.3,34
7.6,47
7.8,53
7.9,46
7.9,38
7.8,26
7.7,12
7.5,0
7.3,0
7,0
6.7,0
6.2,0
6.4,0
6.3,0
5.7,0
5.3,0
5,0
4.8,0
4.5,0
4.2,0
3.6,0
3.8,0
4,3
2.3,20
3.8,35
4.1,42
4.2,47
4.2,45
4.1,40
4,28
3.9,12
3,0
3.5,0
2.9,0
3,0
2.7,0
2.4,0
2.2,0
1.1,0
-0.1,0
-1.3,0
-2,0
-2.6,0
-3.3,0
-3.8,0
-4.2,0
-4,10
-2,132
-0.1,234
1.5,324
2.7,358
3.4,347
3.6,298
3.2,206
2,88
0.6,1
0,0
-0.5,0
-1,0
-1.5,0
-2.1,0
-2.6,0
-2.7,0
-2.8,0
-2.8,0
-2.9,0
-2.9,0
-3,0
-3,0
-3.1,0
-2.6,11
0,121
2.2,211
3.9,266
5.2,287
5.8,271
6.1,235
5.7,158
4.5,62
3,1
3.5,0
4,0
4.4,0
4.9,0
5.3,0
5.8,0
5.8,0
5.9,0
6,0
6,0
6.1,0
5.9,0
5.3,0
6.2,0
6.5,3
7.3,34
8,60
8.6,81
9.1,85
9.2,82
9.6,87
9.5,47
9.2,23
8.7,1
8.5,0
8.3,0
7.8,0
7.9,0
7.6,0
7.5,0
7.1,0
6.7,0
5.8,0
6.2,0
5.9,0
5.8,0
5.5,0
5.5,0
5.7,5
6.4,49
7.1,85
7.7,119
8,102
8.1,90
8.1,80
8,65
7.6,29
7.2,1
6.7,0
6.2,0
5.7,0
5.2,0
4.7,0
4.2,0
3.6,0
2.9,0
2.1,0
1.8,0
1.4,0
1,0
0.7,0
0.4,0
0.7,10
2.1,90
3.8,189
5,238
6.2,289
6.6,251
6.8,216
6.4,144
5.5,59
4.4,1
4.1,0
3.8,0
3.4,0
3.1,0
2.8,0
2.5,0
2.4,0
2.4,0
2.4,0
2.4,0
2.5,0
2.5,0
2.5,0
2.5,0
2.9,6
3.1,14
3.8,50
4.9,111
6.8,244
8,226
9.4,310
9.3,116
8.6,57
7.7,6
7.5,0
7.3,0
7.1,0
6.9,0
6.7,0
6.5,0
6.1,0
5.7,0
5.2,0
5,0
4.5,0
4.5,0
4.4,0
4.2,0
4.3,4
4.5,15
4.7,25
5,42
5.1,41
6.9,300
8,262
8.4,185
8.2,83
7.5,2
7.3,0
7.1,0
6.9,0
6.7,0
6.5,0
6.2,0
6.1,0
6,0
5.9,0
5.8,0
5.8,0
5.7,0
5.7,0
5.6,0
5.8,4
7.6,73
9.8,164
11.7,228
12.6,207
13,182
13,139
12.4,86
11.7,64
10.6,2
10,0
9.5,0
9,0
8.5,0
8,0
7.5,0
6.9,0
6.4,0
5.8,0
5.6,0
5.3,0
5,0
4.8,0
4.6,0
5.1,20
6.9,157
8.5,262
9.9,347
10.7,353
11.2,343
11.5,332
11.3,231
10.6,131
9.4,6
8.9,0
8.3,0
7.8,0
7.2,0
6.6,0
6.1,0
5.7,0
5.2,0
4.8,0
4.5,0
4.3,0
4.1,0
3.9,0
3.8,0
4.3,20
6,143
7.5,255
8.7,311
9.6,353
10.2,351
10.4,291
10.1,199
9.3,88
8.2,1
7.8,0
7.3,0
6.8,0
6.3,0
5.8,0
5.3,0
4.9,0
4.5,0
4.1,0
3.8,0
3.6,0
3.4,0
3.2,0
3.1,0
3.4,14
4.4,92
5.3,164
6.2,226
6.8,244
7,240
7.2,167
7,135
6.5,66
5.9,1
5.2,0
4.5,0
3.8,0
3.1,0
2.4,0
1.8,0
0.9,0
-0.1,0
-1.1,0
-1.6,0
-2.2,0
-2.5,0
-2.9,0
-3,0
-2.4,49
-1.4,138
-0.4,217
0.5,271
1.3,321
1.9,336
2.3,349
2.2,209
1.7,119
0.8,20
0.4,0
0,0
-0.5,0
-0.9,0
-1.4,0
-1.8,0
-1.9,0
-1.9,0
-2,0
-2,0
-2,0
-2,0
-2,0
-1.9,0
-0.8,61
1.2,194
3.3,319
5.3,408
6.9,462
7.9,430
8.3,351
8.1,243
7.2,118
5.8,3
5.5,0
5.2,0
4.9,0
4.6,0
4.3,0
4,0
3.5,0
3,0
2.3,0
2.1,0
2.1,0
1.1,0
1.7,0
1.7,0
1.9,17
2.2,52
2.6,88
2.9,114
3.1,123
3.2,122
3.4,105
3.3,73
3,36
2.8,2
2.5,0
2.1,0
1.7,0
1.3,0
0.9,0
0.6,0
0.3,0
0.1,0
-0.2,0
-0.3,0
-0.4,0
-0.4,0
-0.5,0
-0.5,0
0.7,65
2.5,183
3.9,240
5,270
6.3,369
7,324
7.5,309
7.7,275
7.3,150
6.2,16
5.5,0
4.9,0
4.3,0
3.6,0
3,0
2.3,0
1.6,0
0.9,0
0.2,0
-0.2,0
-0.6,0
-0.8,0
-1.1,0
-1.1,0
-1.2,7
-1,17
-1.2,35
-0.6,68
-0.5,74
0.8,368
1.6,329
1.9,228
1.8,116
1.3,9
0.8,0
0.2,0
-0.3,0
-0.9,0
-1.4,0
-2,0
-2.4,0
-2.8,0
-3.2,0
-3.4,0
-3.7,0
-3.8,0
-3.9,0
-3.9,0
-3.8,6
-3.6,29
-1.5,276
-0.1,283
2,521
2.8,365
3.1,273
3,209
2.1,58
1.1,3
0.9,0
0.6,0
0.3,0
0,0
-0.3,0
-0.6,0
-0.8,0
-1.1,0
-1.3,0
-1.4,0
-1.6,0
-1.6,0
-1.7,0
-1.7,0
-0.6,72
1.4,234
3,314
4.1,344
4.6,282
5,298
4.5,139
3.9,98
3,29
2.2,3
1.9,0
1.7,0
1.4,0
1.1,0
0.8,0
0.6,0
0.2,0
-0.3,0
-0.5,0
-0.7,0
-0.9,0
-1,0
-1.1,0
-1.1,0
-1.1,6
-0.3,70
0.9,160
2,217
3.1,286
3.9,271
4.5,284
4.9,265
4.8,168
4,28
3.6,0
3.2,0
2.9,0
2.5,0
2.1,0
1.7,0
1.4,0
1,0
0.5,0
0.3,0
0.1,0
0,0
-0.3,0
-0.4,0
-0.3,15
0,44
0.3,67
0.6,88
0.7,88
0.8,87
0.7,67
0.5,51
0.4,26
0.2,3
0.2,0
-0.2,0
-0.1,0
0,0
-1.1,0
-0.4,0
0.3,0
0.6,0
0.8,0
1,0
0.9,0
1.3,0
1.4,0
1.5,0
2.4,40
3.6,107
5,183
6.4,243
7.4,252
8.1,246
8.5,213
8.6,169
8.1,82
7.3,3
6.6,0
5.9,0
5.2,0
4.5,0
3.8,0
3.1,0
1.9,0
0.6,0
-0.7,0
-1.5,0
-2.2,0
-2.8,0
-3.3,0
-3.4,0
-3.2,41
-2.5,156
-2.1,193
-2.4,70
-2.4,188
-2.4,126
-2.8,142
-2.3,223
-2.4,138
-2.8,34
-3.3,0
-3.9,0
-4.4,0
-4.9,0
-5.4,0
-5.9,0
-5.8,0
-5.8,0
-5.8,0
-5.8,0
-5.8,0
-5.9,0
-5.9,0
-6,1
-4.6,96
-2.7,249
-0.7,384
1,473
2.2,507
3,494
3.4,428
3.3,320
2.4,176
1,18
0.5,0
0,0
-0.4,0
-0.9,0
-1.4,0
-1.8,0
-2,0
-2.1,0
-2.3,0
-2.4,0
-2.4,0
-2.5,0
-2.5,0
-2.5,0
-1.1,76
0.7,191
2.8,314
4.5,381
5.7,380
6.5,371
6.9,334
6.9,262
6.2,148
4.9,16
4.6,0
4.2,0
3.8,0
3.4,0
3,0
2.7,0
2.3,0
1.9,0
1.5,0
1.3,0
1.2,0
1.1,0
0.9,0
1,1
2.5,88
4.6,219
6,268
7.3,329
8.2,328
9.7,514
10.2,362
10.4,309
9.8,153
8.5,12
7.5,0
6.6,0
5.6,0
4.6,0
3.7,0
2.7,0
1.6,0
0.4,0
-0.8,0
-1.4,0
-2.1,0
-2.6,0
-3,0
-3.1,1
-2,84
-0.5,211
1.1,330
2.4,404
3.3,409
4.1,465
4.6,432
4.5,293
3.7,160
2.4,19
2,0
1.7,0
1.3,0
1,0
0.6,0
0.3,0
0.5,0
0.7,0
0.9,0
1.1,0
1.3,0
1.4,0
1.6,0
1.5,1
1.3,10
2.2,23
2.6,35
2.9,44
2.9,48
5.2,342
6.6,312
7.3,243
7.5,136
6.9,17
6.7,0
6.6,0
6.5,0
6.4,0
6.2,0
6.1,0
5.7,0
5.3,0
4.8,0
4.6,0
4.3,0
3.8,0
3.9,0
4,1
5.2,76
6,120
6.3,107
6.1,46
6.9,226
7.5,249
8.4,323
8.9,275
8.6,124
8,28
7.7,0
7.5,0
7.3,0
7.1,0
6.9,0
6.7,0
6.6,0
6.4,0
6.6,0
6.5,0
6.5,0
6.6,0
6.6,0
6.7,1
7.6,48
8.7,115
9.9,174
10.9,215
11.7,236
12.2,226
12.4,181
12.4,139
12,78
11.3,26
10.7,0
9.7,0
9.7,0
9.4,0
9,0
8.5,0
8,0
7.5,0
6.9,0
6.7,0
6.4,0
6.3,0
6.1,0
6.2,4
7.7,91
8.7,141
10.5,291
11.4,261
12.7,403
13.8,433
14.8,451
15.2,366
14.8,194
13.8,69
12.7,0
11.8,0
10.8,0
9.9,0
9,0
8,0
7,0
5.9,0
4.7,0
4.1,0
3.5,0
3.1,0
2.6,0
2.6,1
3.2,54
4.3,146
5.8,271
6.8,315
7.8,377
8.5,384
9.1,401
9.2,298
8.7,175
7.9,73
6.8,0
6.2,0
5.6,0
5,0
4.4,0
3.8,0
3.6,0
3.4,0
3.3,0
3.3,0
3.2,0
3.2,0
3.2,0
3.2,1
3.8,25
5.8,215
7.6,329
10.1,572
10.7,351
9.4,45
8.8,99
8,32
8.1,198
7.5,31
6.9,0
6.6,0
6.2,0
5.9,0
5.6,0
5.2,0
4.5,0
3.8,0
3.1,0
2.7,0
2.3,0
2,0
1.8,0
1.8,1
2.9,74
4.7,203
6.4,303
7.6,332
8.7,401
9.4,367
9.8,347
9.8,266
9.2,149
8.2,63
7.1,0
6.2,0
5.3,0
4.4,0
3.5,0
2.6,0
1.9,0
1,0
0.2,0
-0.3,0
-0.7,0
-1.1,0
-1.4,0
-1.4,2
0.2,99
2.4,259
4.5,372
5.9,399
7.1,457
8.1,479
8.6,446
8.7,362
8.2,231
6.9,84
5.4,0
5.1,0
4.8,0
4.5,0
4.1,0
3.8,0
3.8,0
3.9,0
3.9,0
4,0
4.1,0
4.1,0
4.2,0
4.2,2
4.2,12
4.9,26
5.2,38
6.2,125
7.3,192
9.2,382
10.1,262
11,312
11.1,165
10.8,87
10,1
9.6,0
9.2,0
8.9,0
8.5,0
8.1,0
7.5,0
6.8,0
6.2,0
5.8,0
5.5,0
5.1,0
5,0
5.2,8
6.2,66
7.4,142
8.4,193
9.6,285
10.4,285
10.9,274
11.7,363
12.3,367
12.3,254
11.6,87
10.5,0
9.8,0
9.1,0
8.4,0
7.7,0
6.9,0
6.4,0
5.8,0
5.1,0
4.8,0
4.5,0
4.2,0
4,0
4.1,6
5.2,106
6.1,168
6.7,209
7.5,304
8.2,346
8.3,272
8.3,189
8.7,347
8.7,237
8.2,98
7.4,2
6.9,0
6.4,0
5.8,0
5.3,0
4.8,0
4.5,0
4.2,0
4,0
3.9,0
3.7,0
3.7,0
3.6,0
4,16
4.8,90
6.6,287
7.6,305
7.1,52
7.9,361
8.8,437
9.3,399
9,190
8,18
7.5,7
6.9,0
6.3,0
5.7,0
5.1,0
4.6,0
4,0
3.3,0
2.6,0
1.9,0
1.5,0
1.1,0
0.9,0
0.6,0
1,17
2.6,179
4.2,338
5.2,389
6.7,597
7.2,478
7.6,474
7.6,367
6.9,164
5.8,22
4.9,32
4.1,1
3.4,0
2.8,0
2.1,0
1.4,0
0.8,0
0.2,0
-0.4,0
-1,0
-1.4,0
-1.7,0
-2,0
-2.2,0
-2.1,8
-0.2,157
1.6,314
3.1,393
4.1,444
4.9,467
5.7,517
6,435
6,369
5.7,283
4.7,111
3.5,3
3.1,0
2.6,0
2.1,0
1.7,0
1.2,0
1,0
0.8,0
0.6,0
0.5,0
0.4,0
0.4,0
0.3,0
0.4,3
0.5,14
1.4,113
2.9,265
4.2,350
5.2,387
5.7,319
6.3,376
6.3,250
5.9,127
5.2,47
4.5,1
4.3,0
4.1,0
3.9,0
3.5,0
3.4,0
2.8,0
2.9,0
2.7,0
2.6,0
2.5,0
2.4,0
2.3,0
2.5,7
3.5,93
4.7,184
5.6,241
6.3,275
6.9,317
7.4,307
7.6,271
7.5,192
7.1,127
6.5,45
5.8,1
5.5,0
5.1,0
4.7,0
4.4,0
3.9,0
3,0
3.4,0
3,0
2.7,0
2.7,0
2.6,0
2.6,0
2.7,5
3.1,34
3.6,75
3.9,89
4.2,100
4.5,111
6,467
6.9,400
7.3,316
7.4,197
7,76
6.4,1
5.6,0
4.8,0
4,0
3.1,0
2.3,0
1.4,0
0.4,0
-0.7,0
-1.3,0
-1.9,0
-2.3,0
-2.8,0
-2.6,16
-1.5,150
-0.5,267
0.5,386
1.3,452
1.8,468
2.1,472
2.2,396
2,319
1.5,203
0.7,81
-0.2,1
-0.9,0
-1.5,0
-2.2,0
-2.9,0
-3.5,0
-3.6,0
-3.7,0
-3.9,0
-3.9,0
-4,0
-4.1,0
-4.2,0
-3.6,24
-1.5,194
0.4,346
2.2,485
3.7,578
5,633
5.8,618
6.2,551
6.1,425
5.4,271
4.2,115
2.8,2
2.4,0
1.9,0
1.4,0
0.9,0
0.4,0
0.1,0
-0.3,0
-0.6,0
-0.8,0
-1,0
-1.1,0
-1.2,0
-0.8,16
0.7,136
2.3,272
3.8,368
4.8,408
5.7,446
6.1,400
6.4,374
6.2,285
5.7,180
4.8,69
3.8,1
3.5,0
3.1,0
2.7,0
2.4,0
2,0
1.7,0
1.5,0
1.2,0
1.1,0
0.9,0
0.9,0
0.8,0
1.2,16
3.5,192
5.6,344
7.5,478
8.4,432
9.3,504
9.9,489
10.2,428
10.2,380
9.3,151
8.3,84
7.1,1
6.4,0
5.6,0
4.9,0
4.2,0
3.4,0
2.5,0
1.6,0
0.6,0
0.1,0
-0.4,0
-0.8,0
-0.9,0
-0.1,58
1.4,200
3.1,347
4.8,468
6.3,553
7.4,578
8.3,575
8.7,513
8.7,393
8.2,268
7.2,123
5.9,4
5.5,0
5,0
4.6,0
4.2,0
3.7,0
3.7,0
3.6,0
3.5,0
3.5,0
3.4,0
3.4,0
3.4,0
3.9,40
4.4,99
4.7,156
5.8,123
6.7,203
7,193
7.3,158
7.5,188
7.7,213
7.8,150
7.5,57
6.9,2
6.5,0
6.1,0
5.6,0
5.2,0
4.7,0
4.2,0
3.7,0
3.2,0
3,0
2.7,0
2.5,0
2.5,0
3.1,49
4.4,162
6,286
7.4,382
8.7,451
9.8,482
10.5,470
10.9,411
11,330
10.5,215
9.7,95
8.6,2
8.2,0
7.9,0
7.5,0
7.2,0
6.8,0
6.6,0
6.5,0
6.3,0
6.1,0
6,0
5.7,0
5.8,0
6,28
7.1,97
8,171
8.7,208
9.2,205
9.5,225
9.7,173
9.5,115
9.1,71
8.6,82
8.8,30
8.2,2
8.1,0
7.6,0
6.3,0
5.1,0
6,0
6.4,0
6.1,0
5.6,0
5.5,0
5.3,0
5.2,0
5.1,0
6,72
7,147
8.3,266
9.6,380
10.2,313
11,420
11.2,303
11.3,284
11.1,202
10.3,51
9.5,12
8.7,2
8.8,0
8.9,0
9,0
9.1,0
8.9,0
9.4,0
9.5,0
9.7,0
9.7,0
9.4,0
9.9,0
10.1,0
10.7,37
11.9,117
13.2,202
14.4,266
15.3,278
16.1,309
16.6,274
16.9,264
17,222
16.9,153
16.4,69
15.6,2
14.7,0
13.8,0
13,0
12.1,0
11.2,0
9.9,0
8.6,0
7.3,0
6.6,0
5.9,0
5.4,0
5.3,0
6.2,79
7.8,223
9.5,366
11.1,488
12.6,579
13.8,627
14.6,619
15.1,559
15.1,455
14.7,308
13.6,149
12.3,8
11.6,0
10.9,0
10.1,0
9.4,0
8.7,0
8.4,0
8.1,0
7.9,0
7.9,0
7.9,0
7.7,0
7.5,0
8.1,13
8.3,21
8.6,35
8.8,47
9,54
9.1,57
10.5,369
11.7,412
11.8,307
12.6,218
12.6,119
12.1,10
11.5,0
10.8,0
10.2,0
9.2,0
7.6,0
8.1,0
7.2,0
6.3,0
5.8,0
5.4,0
5,0
5,0
5.4,46
6.3,123
7,189
7.8,250
8.4,297
8.9,311
9.2,283
9.3,257
9.3,202
9,133
8.4,70
7.9,2
6.5,0
6.4,0
6,0
5.4,0
4.7,0
4.4,0
4,0
3.6,0
3.4,0
3.2,0
3.1,0
3.1,1
4.1,73
5.5,182
7.2,312
8.6,395
9.9,455
10.9,494
11.7,472
12,416
12,308
11.5,198
10.5,86
9.5,3
9,0
8.6,0
8.1,0
7.7,0
7.2,0
6.9,0
6.6,0
6.2,0
6.1,0
5.9,0
5.8,0
5.9,6
7.5,125
8.9,230
11.5,512
13.8,674
14.7,514
14.6,323
14.7,364
14,193
13.1,129
12.3,114
11.7,116
10.8,8
10.4,0
9.9,0
9.4,0
9,0
8.5,0
8,0
7.5,0
7,0
6.7,0
6.5,0
6.1,0
6.3,1
6.9,48
7.7,120
8.6,196
9.5,247
10.2,289
10.7,288
11.1,284
11.2,246
11.1,170
10.8,125
10.3,59
9.7,3
9,0
7.6,0
7.4,0
7.1,0
6.5,0
5.9,0
5.3,0
4.8,0
4.5,0
4.1,0
3.9,0
3.9,1
5,74
6.6,201
8.4,347
10.3,473
11.9,549
13.2,581
14,546
14.5,504
14.6,410
14.2,299
13.3,150
12,13
11.2,0
10.4,0
9.6,0
8.8,0
8.1,0
7.4,0
6.7,0
6.1,0
5.7,0
5.4,0
5.2,0
5.2,2
6.5,92
7.4,147
8.7,274
9.5,276
10.9,448
11.8,441
12.5,444
13.1,452
13,313
12.8,224
12.1,108
11.1,3
10.1,0
9.1,0
8.2,0
7.2,0
6.2,0
5.4,0
4.4,0
3.5,0
3,0
2.5,0
2.2,0
2.2,2
3.5,97
5.1,224
6.9,364
8.8,503
10.5,598
11.9,660
13,664
13.7,640
14,512
13.6,368
12.6,189
11.1,19
10.4,0
9.7,0
8.9,0
8.2,0
7.5,0
7.1,0
6.7,0
6.3,0
6,0
5.8,0
5.7,0
5.8,4
7.7,130
10.1,318
12.3,439
14.5,604
16,591
17,601
17.6,545
18,531
17.9,389
17.3,293
16.2,147
14.7,7
13.6,0
12.5,0
11.5,0
10.4,0
9.3,0
8.3,0
7.2,0
6.1,0
5.5,0
4.9,0
4.5,0
4.6,5
6.4,137
8.7,312
11,478
13.1,618
14.9,708
16.4,753
17.4,733
18,656
18,540
17.5,384
16.3,205
14.5,23
13.4,0
12.3,0
11.1,0
10,0
8.9,0
8.1,0
7.3,0
6.4,0
6,0
5.6,0
5.3,0
5.3,3
6.7,112
8.2,237
10,385
11.8,532
12.5,435
13.1,461
13.9,542
14,407
13.6,258
12.9,186
12,69
10.9,4
10.1,0
9.2,0
8.4,0
7.5,0
6.7,0
6,0
5.4,0
4.7,0
4.3,0
3.9,0
3.7,0
3.8,6
5.9,147
8.3,321
10.7,486
12.9,616
14.8,702
16.2,736
17.3,723
17.8,646
17.9,530
17.3,370
16.1,198
14.3,21
13.3,0
12.2,0
11.2,0
10.1,0
9.1,0
8.3,0
7.4,0
6.5,0
6.1,0
5.7,0
5.4,0
5.6,8
7.6,158
9.9,338
12.2,508
14.3,645
16.1,735
17.5,775
18.6,757
19.1,681
19.2,557
18.7,391
17.5,209
15.9,24
15,0
14.1,0
13.2,0
12.3,0
11.5,0
10.5,0
9.8,0
9,0
8.6,0
8.1,0
7.8,0
7.8,2
8.3,54
8.8,120
9.3,173
9.8,222
10.2,250
10.5,280
10.6,258
10.6,249
10.7,204
10.3,138
9.1,70
9.3,9
9,0
8.2,0
7.4,0
6.6,0
5.8,0
5.1,0
4.4,0
3.7,0
3.3,0
3,0
2.7,0
2.9,10
4.9,176
7,362
9.1,535
11,669
12.6,760
13.9,794
14.8,770
15.2,688
15.2,559
14.7,395
13.6,211
12.1,24
10.9,0
9.7,0
8.5,0
7.3,0
6.1,0
5.1,0
3.9,0
2.8,0
2.1,0
1.5,0
1,0
1.1,10
2.5,156
4,312
5.3,433
6.5,548
7.6,637
8.5,668
9.1,675
9.4,618
9.4,526
9,390
8.2,232
7,32
6.3,0
5.7,0
5.1,0
4.5,0
3.8,0
3.9,0
3.9,0
3.9,0
4,0
4,0
4,0
4.3,13
6.5,175
8.7,343
10.9,502
12.9,629
14.5,708
15.9,749
16.8,725
17.3,652
17.4,537
16.9,377
15.8,212
14.4,60
13,0
12.7,0
12.5,0
12.3,0
12,0
11.8,0
11.6,0
11.4,0
11.4,0
11.3,0
11.2,0
11.3,3
11.5,17
12.1,78
13.7,264
14.4,216
15.8,417
16.4,368
16.5,313
17.8,477
18.2,411
18.4,300
18.1,183
17.4,35
16.6,0
15.7,0
14.8,0
13.9,0
13,0
12,0
10.9,0
9.8,0
9.2,0
8.6,0
8.1,0
8.4,15
10.3,179
12.2,359
14.1,521
15.9,653
17.3,742
18.5,782
19.3,758
19.7,691
19.7,573
19.2,417
18.2,238
16.8,73
15.4,0
14.5,0
13.5,0
12.6,0
11.6,0
11.1,0
10.5,0
10,0
9.7,0
9.3,0
9.1,0
9.5,18
11.5,177
13.5,342
15.4,490
17.2,620
18.7,712
20,755
20.9,749
21.4,670
21.4,547
21,403
20,226
18.6,69
17.2,0
16.4,0
15.6,0
14.8,0
14,0
13.4,0
12.8,0
12.2,0
11.9,0
11.6,0
11.5,0
11.6,7
13.3,180
14.1,214
15.3,388
16.4,494
17.9,713
19.5,924
19.4,400
18.9,265
17.8,53
16.9,39
16.2,71
15.6,42
14.9,0
14.4,0
13.8,0
13.3,0
12.7,0
12.1,0
11.4,0
10.8,0
10.4,0
10,0
9.8,0
9.8,4
10.8,97
11.9,209
13.5,396
15.4,610
16.7,625
17.2,512
16.7,193
17.1,497
17.4,494
16.7,184
15.6,20
14.7,6
13.9,0
13.5,0
13.2,0
12.8,0
12.3,0
12.3,0
12.2,0
12.1,0
12.1,0
11.9,0
12,0
12.3,5
12.5,18
13.4,107
13.5,50
14.9,296
16,324
17.7,533
18.9,554
20.1,608
21.1,604
21.6,493
21.2,207
20.4,93
19.5,1
18.8,0
18.1,0
17.4,0
16.8,0
15.8,0
14.8,0
13.8,0
13.3,0
12.7,0
12.3,0
12.9,28
14.9,221
17.2,450
19.2,604
21.2,799
21.6,551
21.8,531
21.7,457
21.9,547
21.6,412
20.9,264
19.7,108
18.6,51
17.5,0
16.2,0
14.9,0
13.6,0
12.3,0
11.2,0
10,0
9.4,0
8.8,0
8.3,0
8.2,0
8.8,56
10.4,234
12.1,404
13.9,565
15.5,675
16.8,716
17.6,671
18,598
18.1,511
17.9,411
17.3,270
16.3,137
15.1,33
14,0
12.9,0
11.8,0
10.7,0
9.7,0
9,0
8.3,0
7.9,0
7.6,0
7.3,0
7.2,0
8.1,74
9.8,242
11.8,424
14,620
16.1,790
16.8,549
17.3,581
17.7,569
17.8,492
17.5,369
16.9,275
15.9,140
14.8,43
13.6,0
12.8,0
11.9,0
11,0
10.1,0
9.6,0
9,0
8.6,0
8.3,0
8.1,0
8,0
9.1,82
10.4,187
11.3,222
12.4,323
13.2,369
14.2,437
14.5,322
15,424
15.3,407
15.7,432
15.8,368
15.7,301
15,106
14.1,3
13.1,0
12.1,0
11.2,0
10.2,0
9.6,0
8.9,0
8.6,0
8.2,0
8,0
8,0
8.4,36
8.2,74
8.7,36
9.3,143
10,197
10.9,354
11.3,320
12.4,443
12.6,311
12.9,273
13,265
12.9,172
12.5,71
11.9,1
10.8,0
9.7,0
8.7,0
7.6,0
6.6,0
5.6,0
5,0
4.4,0
4,0
3.9,0
4.8,70
6.3,220
8.2,395
9.8,510
11.5,636
12.9,710
14.1,749
14.9,729
15.4,673
15.5,550
15.2,403
14.3,242
13.1,82
11.7,0
10.9,0
10,0
9.2,0
8.4,0
8,0
7.7,0
7.5,0
7.3,0
7.2,0
7.2,0
7.7,30
8.6,111
9.9,217
11,270
12.1,358
13,374
14,451
15,547
15.9,565
16.6,524
16.8,415
16.7,280
16,117
15,3
13.5,0
11.9,0
10.4,0
8.9,0
7.3,0
5.6,0
4.6,0
3.7,0
3.1,0
2.9,0
3.8,80
5.2,230
6.8,394
8.6,561
10.1,666
11.4,739
12.4,755
13.1,726
13.5,671
13.6,573
13.2,416
12.4,254
11.1,95
9.8,1
8.3,0
6.9,0
5.4,0
3.9,0
3.2,0
2.3,0
1.8,0
1.3,0
1,0
0.9,0
1.8,73
3.3,211
5,365
6.7,502
8.3,606
9.6,669
10.7,694
11.5,677
11.9,611
12,509
11.6,383
10.8,232
9.7,90
8.4,1
7.8,0
7.2,0
6.5,0
5.9,0
5.8,0
5.6,0
5.5,0
5.5,0
5.4,0
5.4,1
5.8,44
6.4,98
7,126
7.5,127
7.9,184
8.7,214
9,221
9.1,198
9.2,144
9.2,163
9.4,199
9.4,144
9,56
7.9,2
7.5,0
7.3,0
5.8,0
4.2,0
5.6,0
4.5,0
4.7,0
4.6,0
4.4,0
4.4,1
5.1,50
5.9,123
5.7,41
5.7,56
6.6,264
7.5,331
8.7,509
9.3,390
9.9,433
10.2,360
10,172
9.6,125
9,20
8.3,1
7.8,0
7.3,0
6.8,0
6.2,0
5.8,0
5,0
5.1,0
4.8,0
4.6,0
4.6,0
4.7,8
5.2,66
6.2,179
7.1,232
9.2,591
11.8,913
12.5,485
12.4,276
12.6,403
12.7,389
12.4,220
11.5,62
10.6,9
9.8,1
9.3,0
8.8,0
8.4,0
7.9,0
7.5,0
7.1,0
6.7,0
6.8,0
6.6,0
6.6,1
7,32
7.9,108
8.8,178
10.1,298
11.3,386
12.6,469
13.4,437
13.8,380
14.1,367
14.4,387
14.4,291
14.2,224
13.6,125
12.8,8
11.7,0
10.7,0
9.7,0
8.6,0
7.7,0
6.7,0
6.2,0
5.6,0
5.3,0
5.2,1
5.7,49
6.4,130
7.2,205
8,288
8.7,331
9.3,382
9.7,350
10,367
10.2,349
10.2,285
10,224
9.6,136
9,56
8.3,1
7.9,0
7.1,0
7.1,0
6.7,0
7,0
7.1,0
7.2,0
7.3,0
7.4,0
7.4,1
8.1,42
9,108
10,173
10.8,235
11.8,282
12.6,319
13.3,323
13.7,308
14,270
14,231
13.9,193
13.5,112
12,43
12,1
11.6,0
10.7,0
9.8,0
8.6,0
7.9,0
6.9,0
6.3,0
5.7,0
5.3,0
5.3,3
6.1,69
6.8,133
7.9,257
9.6,472
11.3,599
12.7,673
13.8,690
14.7,717
15.1,582
15.2,506
14.8,332
13.9,157
12.7,44
11.6,1
11,0
10.3,0
9.7,0
9.1,0
8.8,0
8.6,0
8.4,0
8,0
7.4,0
8.3,1
9,47
9.8,107
10.6,171
11.3,219
12,280
12.9,310
13.5,337
13.9,309
14.1,293
14.3,258
14.2,198
13.9,123
13.3,48
12.7,1
11.6,0
10.5,0
9.5,0
8.4,0
7.3,0
6.1,0
5.5,0
4.8,0
4.3,0
4.3,1
5.4,92
7.4,293
9.2,407
10.6,482
12.2,657
13,563
13.7,591
13.8,462
14,505
14.4,601
14.3,420
13.7,297
12.7,136
11.5,9
9.9,0
8.3,0
6.7,0
5.1,0
4.1,0
2.9,0
2.2,0
1.5,0
1,0
0.9,4
2.1,122
3.7,290
5.3,463
7,621
8.5,744
9.8,818
10.8,847
11.5,809
11.7,720
11.7,603
11.2,452
10.3,285
9,120
7.5,3
6.2,0
4.8,0
3.4,0
2,0
1.6,0
1.1,0
0.7,0
0.3,0
0,0
-0.2,1
0.5,70
1.6,189
2.8,320
4.2,468
5.3,523
6.4,638
7.1,626
7.8,645
8.1,616
8.5,649
8.5,510
7.9,328
6.9,146
5.7,10
6,0
6.3,0
6.7,0
7,0
7.8,0
8.7,0
9,0
9.4,0
9.5,0
9.8,3
10.1,38
10.3,92
12.5,148
13.4,176
14,193
14.6,191
14.8,176
15.1,161
15.2,137
15.1,96
15,104
14.9,82
14.5,33
14.1,2
13.7,0
13.3,0
12.9,0
12.5,0
11.3,0
10,0
9.3,0
8.6,0
8,0
8.1,6
9.5,149
11.3,336
13.2,528
15,696
16.7,826
18.1,906
19.1,930
19.9,898
20.3,813
20.3,685
19.8,514
18.9,325
17.6,142
16.1,5
15.1,0
14.2,0
13.2,0
12.3,0
12,0
11.7,0
11.5,0
11.3,0
11.2,0
11.3,4
12.2,86
13.3,192
14.4,282
15.6,388
16.4,415
17.1,435
17.7,491
18.1,434
18.4,423
18.3,361
18.2,264
17.7,157
17,76
16.2,2
15.5,0
14.6,0
14.2,0
13.5,0
12.1,0
12.2,0
12.1,0
11.9,0
11.8,0
11.8,3
12.3,59
13,126
13.8,202
14.5,264
15.1,294
15.6,326
16,365
16.3,337
16.5,303
16.4,230
16.3,201
16,134
15.3,62
15,2
14.2,0
13.4,0
12.6,0
11.9,0
11.3,0
10.6,0
10.3,0
9.9,0
9.7,0
9.8,11
11.5,158
13.3,328
14.9,451
16.3,557
17.7,674
18.9,742
19.9,791
20.6,763
20.9,665
20.8,512
20.4,403
19.5,251
18.4,119
17.2,6
16.3,0
15.4,0
14.4,0
13.5,0
13,0
12.5,0
12.2,0
11.9,0
11.7,0
11.8,5
12.7,100
14.4,305
16.7,605
18.6,736
20.2,839
20.6,557
19.8,275
20.1,517
20.5,554
19.7,215
18.9,172
18,65
17,14
16.2,2
15.4,0
14.6,0
13.8,0
13,0
12.4,0
11.8,0
11.5,0
11.2,0
11,0
11.3,20
12.5,172
14,386
15.1,448
15.9,536
16.7,597
16.9,442
17,448
16.5,210
15.7,67
15,56
14.5,51
14,69
13.5,28
13,2
12.3,0
11.5,0
10.6,0
9.5,0
9.3,0
8.4,0
8,0
7.5,0
7.2,0
7.2,5
8.2,98
9.9,289
11.8,495
13.7,662
15.1,709
16.3,760
16.6,554
16.9,630
16.8,469
16.5,398
16.1,366
15.5,267
14.6,147
13.5,22
12.5,0
11.5,0
10.5,0
9.5,0
9,0
8.4,0
8.1,0
7.8,0
7.6,0
7.7,5
8.4,76
9.4,174
10.5,280
11.5,368
12.3,436
13.4,524
14,494
14.5,508
14.7,408
14.8,378
14.6,287
14.2,198
13.5,84
12.6,3
11.6,0
10.6,0
9.6,0
8.6,0
7.8,0
7,0
6.5,0
6.1,0
5.7,0
5.9,11
7,111
7.9,209
9,312
10.1,420
11.3,552
12.3,599
13,595
13.5,580
13.7,514
13.7,409
13.4,304
12.7,178
11.9,86
10.9,3
10.4,0
9.8,0
9.3,0
8.7,0
8.6,0
8.5,0
8.4,0
8.3,0
8.3,0
8.6,16
10.4,186
12.4,377
14.5,596
16.5,752
18.4,919
18.4,485
18.3,459
18.2,448
17.8,346
17.2,279
16.4,174
15.5,104
14.6,50
13.7,3
12.7,0
11.7,0
10.8,0
9.8,0
8.8,0
7.6,0
7.2,0
6.7,0
6.3,0
6.5,10
7.1,87
7.8,156
8.5,248
9,282
9.5,329
9.9,366
10.3,411
10.6,427
10.8,397
10.8,320
10.6,227
10.2,159
9.7,64
8.4,3
8.5,0
7.9,0
7.3,0
6.7,0
6.5,0
6.4,0
6.3,0
6.2,0
6.1,0
6.5,15
8.2,157
10.1,314
12,463
13.8,591
15.4,708
16.8,770
17.9,805
18.8,781
19.2,687
19.3,613
19.1,469
18.3,315
17.2,161
15.8,16
14.6,0
13.5,0
12.3,0
11.2,0
10.3,0
9.2,0
8.7,0
8.1,0
7.8,0
8.1,21
9.6,200
11.3,400
13.1,617
14.8,797
16.2,893
15.8,414
15.3,371
14.9,366
14.5,360
14,293
13.4,211
12.7,149
11.9,80
11.1,9
10.7,0
10.2,0
9.7,0
9.3,0
9.2,0
9.1,0
9,0
8.9,0
8.9,0
9.3,18
11.1,161
13.1,330
15.1,486
16.7,582
18.2,670
19.5,732
20.5,778
21.3,766
21.8,697
21.9,600
21.6,457
20.9,317
19.8,167
18.5,19
17.3,0
16.2,0
15.1,0
14,0
13.1,0
12.2,0
11.6,0
11.1,0
10.7,0
10.7,4
10.8,15
11.5,122
12.4,200
13.9,417
15,469
16.6,699
17.4,593
18.3,668
18.1,389
18.2,382
18.4,493
18.3,356
17.8,211
16.8,36
16,0
15.1,0
14.3,0
13.4,0
13,0
12.6,0
12.3,0
12.1,0
11.9,0
12.1,10
13,85
14,192
15.1,292
16,342
16.6,372
17.3,456
18,473
18.3,389
18.5,408
18,301
18.2,229
17.7,147
17.1,64
16.4,4
15.4,0
14.3,0
13.4,0
12.5,0
11.7,0
10.8,0
10.3,0
9.8,0
9.5,0
9.8,16
10.9,121
12.1,246
13.4,372
14.7,515
15.9,577
16.7,587
17.3,609
17.7,570
17.9,538
17.9,425
17.6,347
17,247
16.2,113
15.1,4
14.1,0
13,0
11.9,0
10.9,0
10.3,0
9.6,0
9.2,0
8.8,0
8.5,0
9,26
11,202
13.1,384
15.2,563
17.1,720
18.9,846
20.4,923
21.6,953
22.4,925
22.9,849
23,725
22.6,568
21.7,387
20.4,204
18.7,26
17.8,0
16.9,0
16.1,0
15.2,0
14.9,0
14.5,0
14.3,0
14.1,0
13.9,0
14.5,26
16.3,174
18,305
19.7,459
21.3,574
22.7,658
24,742
25.1,804
26,798
26.4,689
26.5,610
26.3,491
25.6,310
24.5,162
23.1,19
22,0
20.9,0
19.7,0
18.6,0
17.6,0
16.6,0
16,0
15.7,0
15.6,0
15.9,23
16.2,59
16.8,133
17.8,281
18.7,351
19.3,347
20.4,569
20.9,430
21.7,573
22.2,554
22.5,463
22.5,374
21.8,84
21,17
19.9,6
19.7,0
19,0
18.3,0
17.7,0
17.3,0
17,0
16.7,0
16.2,0
14.6,0
15.6,8
16.1,28
16.9,58
17.3,80
17.6,99
17.8,123
18,132
18.2,152
18.3,144
18.1,127
18.2,110
17.8,84
18.3,61
18,28
17.7,7
17.6,0
17.2,0
16.6,0
16.3,0
15.7,0
15.6,0
15.4,0
15.3,0
15.3,0
15.5,20
16.1,91
17.2,230
17.5,159
17.8,161
18.7,395
19.4,371
19.9,369
20.5,465
20.6,277
20.4,172
19.9,52
19.5,93
19,18
17.5,9
17.7,0
17,0
16.3,0
15.5,0
14.7,0
13.8,0
13.3,0
13,0
12.9,0
13.2,29
13.7,83
14.2,123
15.6,348
16.6,376
17.7,502
18.2,407
18.7,409
19.4,567
19.9,547
20,401
19.8,263
19.4,182
18.7,76
17.9,6
17.2,0
16.5,0
15.6,0
15.1,0
14.8,0
14.4,0
14.2,0
14.1,0
14.1,0
14.4,22
14.9,77
15.5,116
16.4,232
17.3,304
18.2,381
19.2,446
19.7,387
20.1,383
20.3,373
20.4,321
20.1,206
19.3,170
19.6,76
19,6
18.4,0
17.1,0
15.9,0
14.6,0
13.4,0
12.1,0
11.4,0
10.9,0
10.8,0
11.6,68
13.1,224
15.1,411
17.1,589
19.1,746
21,864
22.6,940
23.9,963
24.8,937
25.4,860
25.6,739
25.4,585
24.6,407
23.4,223
22,68
20.4,0
18.6,0
16.8,0
15,0
13.9,0
12.7,0
12,0
11.5,0
11.4,0
12.2,70
13.8,228
15.8,415
17.9,599
20,758
21.9,879
23.5,957
24.9,984
25.8,958
26.4,881
26.7,760
26.5,603
25.7,422
24.5,234
23,74
21.5,0
19.8,0
18.2,0
16.6,0
15.7,0
14.8,0
14.3,0
14,0
14,0
14.8,68
16.3,220
18.1,401
20,582
22,739
23.7,862
25.3,940
26.6,969
27.6,946
28.2,873
28.5,754
28.5,597
28,417
27,231
25.8,74
24.5,0
22.5,0
20.4,0
18.4,0
16.3,0
14.1,0
12.9,0
12.1,0
11.9,0
12.5,62
13.8,202
15.3,367
16.9,532
18.6,676
20.1,785
21.4,854
22.4,880
23.1,851
23.6,782
23.7,680
23.5,541
22.8,376
21.8,211
20.5,68
19.1,0
17.4,0
15.7,0
14,0
13.3,0
12.5,0
12.1,0
11.8,0
11.7,0
12.2,42
13.3,146
14.8,296
16.4,426
17.5,442
18.5,489
18.9,412
19.6,533
20.1,504
20.6,575
20.9,520
20.9,409
20.9,381
20.4,226
19.5,82
18.5,1
17.1,0
15.8,0
14.5,0
13.7,0
12.8,0
12.3,0
12,0
11.9,0
12.5,56
13.3,126
14.7,290
16.7,508
18.9,726
21.5,984
21.5,427
21.2,343
20.2,193
20.4,428
20.6,455
20.5,389
20.3,332
19.8,243
18.9,87
17.9,2
16.8,0
15.7,0
14.6,0
14.2,0
13.8,0
13.6,0
13.5,0
13.4,0
13.9,64
14.7,117
15.7,270
16.7,349
17.2,310
18.5,667
19.8,791
20.4,603
20.5,392
19.7,77
19,66
18.4,52
17.8,37
17.2,20
16.8,7
15.7,0
15.9,0
15.3,0
14.8,0
14.1,0
13.4,0
12.9,0
12.6,0
12.5,0
13.2,57
14.1,143
15.7,329
17.5,485
18.6,490
19.1,408
19.2,391
19.9,508
20.3,481
20.4,392
20.6,463
20.3,307
20.2,316
19.8,255
19.1,86
18.2,1
16.8,0
15.4,0
14,0
13.1,0
12.3,0
11.8,0
11.4,0
11.4,0
12.1,60
13.3,182
14.8,328
16.3,468
17.9,593
19.3,689
20.6,750
21.6,776
22.3,757
22.8,694
23,601
22.9,478
22.4,338
21.5,191
20.4,64
19.2,0
17.3,0
15.4,0
13.6,0
12.1,0
10.5,0
9.7,0
9.1,0
9,0
9.8,85
11.1,253
12.7,451
14.4,669
16.2,849
17.7,949
17.5,434
17.2,433
16.8,375
16.4,348
15.9,304
15.4,278
14.8,187
14,113
13.2,39
12.4,0
11.7,0
11.1,0
10.5,0
10.4,0
10.7,0
10.8,0
10.8,0
10.9,0
11.6,55
12,71
13.3,237
14.6,337
15.2,289
17.5,768
17.5,265
18.6,621
19.9,787
21.2,908
21.6,550
21,211
20.3,144
19.4,51
18.6,31
17.8,0
16.6,0
15.4,0
14.2,0
12.7,0
11.1,0
10.2,0
9.6,0
9.5,0
10.1,60
11.2,184
12.6,336
14,483
15.5,609
16.8,713
18,783
19,793
19.6,780
20.1,716
20.2,617
20,491
19.5,345
18.5,192
17.4,65
16.2,0
14.8,0
13.3,0
11.8,0
11.1,0
10.3,0
9.8,0
9.5,0
9.5,0
10,51
11.1,162
12.4,286
13.7,410
15.1,511
16.3,600
17.3,636
18.2,662
18.8,647
19.2,591
19.3,515
19.2,416
18.7,288
18,166
17,55
16,0
14.8,0
13.6,0
12.4,0
11.6,0
10.8,0
10.4,0
10.1,0
10,0
10.5,37
11.4,135
12.4,215
12.8,246
13.4,194
13.9,274
14.2,300
15.1,491
15.7,471
16.5,555
17,523
17.4,509
17.7,478
17.5,276
16.9,99
16,4
15.2,0
14.3,0
13.5,0
13,0
12.4,0
12.1,0
11.9,0
11.9,1
12.5,44
12.8,80
13.3,108
13.8,190
14.4,328
16.2,462
17.1,451
17.9,502
18.5,477
19.1,518
19.1,288
18.8,230
18.5,179
18.4,274
17.9,99
17.2,5
15.8,0
14.3,0
12.8,0
11.6,0
10.2,0
9.4,0
8.9,0
8.8,0
9.6,80
11.1,235
13,419
14.9,599
16.8,759
18.6,881
20.1,955
21.3,983
22.3,961
22.8,890
23,770
22.9,616
22.2,436
21.1,252
19.6,91
18.2,1
16.5,0
14.8,0
13.2,0
12.3,0
11.3,0
10.8,0
10.4,0
10.3,0
11.2,74
12.6,219
14.4,394
16.3,567
18.2,717
20,836
21.5,913
22.8,937
23.7,919
24.3,845
24.5,733
24.4,586
23.8,415
22.7,238
21.3,87
19.9,1
18.1,0
16.3,0
14.5,0
13.3,0
11.9,0
11.2,0
10.7,0
10.5,0
11.4,80
12.9,235
14.7,418
16.7,598
18.6,760
20.4,882
21.9,958
23.2,986
24.1,963
24.7,889
24.9,769
24.7,613
24,433
22.9,250
21.4,91
20,1
18.4,0
16.9,0
15.4,0
14.6,0
13.8,0
13.3,0
13,0
12.9,0
13.7,71
15.1,206
16.8,368
18.6,527
20.3,665
22,772
23.4,847
24.6,874
25.4,842
26,786
26.2,680
26.1,548
25.5,383
24.5,220
23.2,83
21.9,1
20.3,0
18.8,0
17.2,0
16.1,0
15,0
14.4,0
14,0
13.9,1
14.8,91
16.2,268
17.9,459
19.7,641
21.4,789
22.9,915
22.6,398
22.3,404
22.2,430
22,421
21.5,309
20.9,236
20.2,175
19.4,95
18.5,29
17.7,1
17.1,0
16.5,0
15.9,0
15.8,0
15.8,0
15.9,0
16,0
16,0
16.3,20
16.7,58
17.3,130
17.9,164
18.6,234
19.3,319
19.8,317
20.1,251
20.3,246
20.1,184
20.1,144
18.9,89
19.2,41
19.2,21
19,8
18.7,1
17.9,0
17.1,0
16.3,0
15.2,0
14,0
13.4,0
13,0
12.9,0
13.5,62
14.8,196
16.2,329
17.7,479
19.3,620
20.7,690
21.8,746
22.8,776
23.5,751
23.9,703
24.1,620
24,510
23.4,344
22.5,198
21.4,76
20.2,1
19.1,0
17.9,0
16.8,0
16.3,0
15.7,0
15.4,0
15.2,0
15.2,1
15.8,57
16.8,153
18,280
19.3,389
20.5,475
21.5,517
22.1,503
22.8,542
23.2,516
23.5,484
23.5,397
23.2,285
22.7,233
21.8,108
21.2,35
20.4,1
19.3,0
18.2,0
17.2,0
16.4,0
15.6,0
15.1,0
14.8,0
14.7,0
15.5,70
17,215
18.6,371
20.4,524
22.1,665
23.7,756
25,818
26.1,824
26.8,810
27.3,762
27.5,657
27.4,537
26.8,384
25.9,228
24.6,85
23.3,2
22.2,0
21.1,0
20,0
19.5,0
19,0
18.7,0
18.6,0
18.5,0
19.3,62
20.5,184
22.1,335
23.7,482
25.4,629
27,737
28.4,804
29.6,832
30.4,811
31,733
31.2,639
31.1,509
30.6,355
29.7,202
28.6,72
27.5,1
25.7,0
24,0
22.3,0
20.8,0
19.2,0
18.3,0
17.8,0
17.7,0
18.5,77
19.8,229
21.5,411
23.2,590
24.9,745
26.5,867
27.9,944
29.1,972
29.9,949
30.4,877
30.7,761
30.6,608
30,432
29.1,252
27.9,94
26.6,1
24.8,0
23,0
21.1,0
19.7,0
18.1,0
17.3,0
16.7,0
16.6,0
17.4,75
18.7,222
20.4,396
22.2,567
24,721
25.6,843
27.1,918
28.2,941
29.1,917
29.6,846
29.8,734
29.6,586
29,417
27.9,243
26.6,92
25.2,1
23.8,0
22.4,0
20.9,0
20.3,0
19.7,0
19.3,0
19,0
18.9,0
19.4,44
20,118
21.7,331
22.9,387
24,477
24.8,467
25.5,505
25.8,448
25.6,232
25.6,366
25.7,368
25.6,325
25.2,182
24.5,110
23.7,8
23,1
22.2,0
21.2,0
21,0
19.9,0
20.3,0
20.6,0
20.6,0
20.5,0
20.8,19
21.5,84
22.4,188
23,205
24,315
24.2,193
24.5,257
24.7,205
25.1,349
25.6,373
25.7,288
25.4,169
25.2,125
24.8,22
24.3,8
24,1
22.8,0
21.6,0
20.4,0
19.2,0
17.8,0
17.1,0
16.6,0
16.5,1
17.1,63
18.2,174
19.7,341
21.3,489
22.9,643
24.2,691
25.3,742
26.1,709
26.6,664
26.7,576
26.9,594
26.8,513
26.5,392
25.7,238
24.6,101
23.5,3
22.2,0
20.9,0
19.7,0
19.2,0
18.7,0
18.4,0
18.2,0
18.2,0
18.8,54
20,169
21.4,300
23,439
24.4,542
25.8,632
27,704
28,712
28.7,676
29.1,623
29.2,532
29.2,439
28.7,306
27.8,174
26.8,67
25.7,1
24.3,0
22.9,0
21.5,0
20.4,0
19.3,0
18.7,0
18.3,0
18.2,0
18.5,41
19.5,182
20.6,304
21.6,408
22.1,347
22.7,448
22.7,308
22.4,208
22.5,282
22.2,262
21.4,183
21.5,77
21.3,153
21,76
20.5,17
20,1
19,0
17.9,0
16.8,0
16.3,0
15.6,0
15.3,0
15.1,0
15.1,1
15.9,81
16.9,175
18.2,313
19.7,495
20.9,530
21.9,578
22.6,590
23.2,585
23.4,494
23.4,377
23.2,360
22.7,215
22,121
20.8,32
20.3,8
19.5,1
18.2,0
16.8,0
15.5,0
14.4,0
13.3,0
12.6,0
12.2,0
12.1,0
12.8,63
14.1,195
15.6,355
17.4,523
19.2,673
20.8,777
22.1,840
23.2,845
24,840
24.5,779
24.7,677
24.6,547
24.1,394
23.1,228
21.9,88
20.5,1
19.1,0
17.6,0
16.1,0
15.3,0
14.4,0
13.9,0
13.5,0
13.4,0
14,57
15.2,173
16.6,312
18,440
19.4,555
20.7,637
21.8,703
22.8,744
23.5,713
23.9,664
24.1,575
24,459
23.5,337
22.7,198
21.6,71
20.5,1
19.9,0
19.4,0
18.8,0
18.9,0
18.8,0
18.8,0
18,0
17,0
18.9,18
19.4,50
19.5,93
20.1,127
21.2,204
21.9,262
22.4,235
22.6,195
22.7,167
22.7,174
22.9,180
22.9,141
22.7,82
22.4,63
22.2,21
21.8,1
20.9,0
19.7,0
18.8,0
18.1,0
17.1,0
16,0
15.2,0
15.6,0
16.1,32
16.7,104
17.3,169
18.1,247
18.8,327
19.7,425
20.4,468
21.1,489
21.5,450
21.8,438
21.9,397
21.9,304
21.6,221
21.1,123
20.4,39
19.7,1
18.5,0
17.3,0
16.1,0
15.3,0
14.4,0
13.9,0
13.6,0
13.5,0
14.3,65
15.7,204
17.4,370
19.3,534
21.1,685
22.9,802
24.4,878
25.6,901
26.6,890
27.2,828
27.5,723
27.4,577
26.8,411
25.7,243
24.4,94
23,2
22,0
21.1,0
20.1,0
19.8,0
19.4,0
18.7,0
19.1,0
19.1,0
19.2,15
19.6,40
20,96
20.2,132
21.4,303
22.1,200
22.3,191
22.8,277
23.2,272
23.3,302
22.9,301
23.8,268
22.5,145
21.8,144
23.1,56
22.2,1
21.4,0
20,0
18.6,0
16.8,0
14.7,0
13.6,0
12.8,0
12.7,0
13.2,54
14.2,177
15.5,321
16.8,465
18.2,591
19.4,679
20.5,740
21.3,765
22,767
22.3,701
22.4,605
22.3,478
21.7,339
20.9,200
19.8,77
18.7,1
17.3,0
16,0
14.7,0
14.3,0
13.8,0
13.6,0
13.4,0
13.4,0
13.9,42
14.9,142
16.1,256
17.3,354
18.5,445
19.7,523
20.7,566
21.4,579
22,563
22.4,523
22.6,449
22.2,317
21.8,210
21.2,139
20.4,49
19.5,1
18,0
16.5,0
15,0
13.7,0
12.3,0
11.5,0
11,0
10.9,0
11.4,53
12.5,176
13.9,322
15.3,455
16.6,558
17.9,658
18.8,675
19.7,714
20.2,666
20.6,651
20.7,587
20.6,458
20.1,328
19.3,192
18.3,73
17.2,1
16.1,0
15,0
14,0
13.7,0
13.4,0
13.2,0
13,0
13,0
13.5,44
14.6,146
15.8,249
17.1,375
18.5,474
19.6,526
20.6,581
21.5,610
22.2,617
22.7,588
22.9,505
22.9,403
22.5,286
21.8,168
20.9,56
19.9,1
19.3,0
18.7,0
18.1,0
17.9,0
17.7,0
17.5,0
17.4,0
17.4,0
18,48
19.2,175
19.7,167
20.4,229
21.6,426
22.8,542
24.3,722
24.3,290
24.7,459
24.8,398
24.9,370
24.1,101
23,128
22.7,22
22.3,13
21.7,1
20.9,0
20.2,0
19.4,0
18.8,0
18,0
17.6,0
17.3,0
17.2,0
17.9,54
19.2,184
20.8,348
22.6,507
24.4,646
26.1,757
27.5,814
28.7,841
29.6,819
30.1,744
30.3,653
30.2,520
29.6,373
28.6,215
27.4,82
26.1,1
24.7,0
23.2,0
21.8,0
20.8,0
19.8,0
19.3,0
18.9,0
18.8,0
19.1,29
19.7,91
20.4,193
21.5,288
22.3,333
23.1,391
23.7,425
24.3,471
24.7,446
25,414
25.1,381
25.1,298
24.9,217
24,128
23.8,45
23.1,1
21.4,0
19.7,0
18,0
16.6,0
15.1,0
14.3,0
13.8,0
13.7,0
14.3,56
15.5,196
17.2,370
19.1,543
20.9,697
22.6,822
24.1,903
25.4,939
26.3,925
26.9,860
27.2,749
27.1,602
26.5,432
25.5,255
24.2,96
22.7,1
21.1,0
19.4,0
17.7,0
16.7,0
15.6,0
15,0
14.6,0
14.5,0
15,56
16.4,213
18.2,409
20.2,602
22.2,774
23.8,835
24,511
24.2,545
24.3,532
24.3,511
24.3,484
23.9,356
23.2,271
22.4,159
21.3,56
20.2,1
19.1,0
18,0
16.9,0
16.5,0
16.1,0
15.9,0
15.8,0
15.8,0
16.5,64
18,230
19.1,287
20.4,423
22.8,816
25,962
24.8,348
24.6,321
24.8,449
25.1,564
24,63
23.4,214
23.4,347
22.5,53
21.7,8
20.9,1
19.2,0
17.6,0
15.9,0
14.4,0
12.6,0
11.6,0
10.9,0
10.7,0
11,53
11.9,195
13.1,373
14.4,553
15.8,711
17,833
18.1,918
18.9,949
19.5,932
19.9,862
19.9,751
19.7,601
19.1,426
18.1,245
16.9,88
15.6,1
13.9,0
12.2,0
10.5,0
10.4,0
10,0
9.8,0
9.5,0
9.2,0
9.5,26
10.9,192
12.4,371
13.9,548
15.3,703
16.6,826
17.6,904
18.5,935
19,918
19.3,849
19.3,736
19,587
18.2,417
17.2,240
15.9,85
14.6,1
13.3,0
12,0
10.7,0
10.5,0
10.2,0
10,0
9.8,0
9.7,0
10.1,24
11.9,187
13.8,360
15.7,534
17.5,687
19.1,809
20.5,889
21.6,917
22.4,897
22.8,832
23,719
22.7,575
22,406
20.8,230
19.4,81
18,0
17.2,0
16.4,0
15.6,0
15.3,0
15.1,0
14.9,0
14.8,0
14.7,0
14.8,4
15.5,73
16.6,159
17.8,276
18.9,373
20,445
21.4,604
22,495
22.7,564
23,473
22.9,423
23.1,355
22.9,310
22.3,155
21.5,59
20.6,1
19.8,0
19,0
18.3,0
17.7,0
17,0
16.6,0
16.3,0
16,0
16.4,19
18,163
19.7,315
21.4,467
23,608
24.6,719
25.9,794
26.9,818
27.7,822
28.1,739
28.3,655
28.1,531
27.5,378
26.5,214
25.2,78
23.9,1
22.8,0
21.7,0
20.6,0
20,0
19.3,0
19,0
18.6,0
18.4,0
18.8,22
19.8,128
21.5,344
22.9,461
24.9,757
26,714
26.9,726
27.1,562
27.3,569
27.4,550
27.1,384
26,95
25,47
24,19
23.2,6
22.4,0
21.1,0
19.8,0
18.5,0
17.4,0
16.1,0
15.4,0
14.7,0
14.2,0
14.3,13
15.7,165
17.2,331
18.8,512
20.4,697
22,850
22.1,506
22.2,540
22.3,538
22.1,480
21.8,412
21.3,321
20.6,236
19.7,140
18.8,53
17.8,1
17.5,0
17.2,0
16.9,0
17.4,0
17.9,0
18.2,0
18.4,0
18.6,0
19,16
20.9,148
22.8,294
24.7,435
26.6,559
28.4,692
29.9,743
31.2,781
32,743
32.7,727
32.9,609
32.7,468
32,311
30.9,183
29.7,63
28.4,0
27.1,0
25.9,0
24.7,0
23.4,0
22,0
21.3,0
20.5,0
20,0
20.1,15
21.5,151
22.9,298
24.3,445
25.6,576
26.8,678
27.9,746
28.7,769
29.3,754
29.6,700
29.6,612
29.4,490
28.8,347
27.9,197
26.7,66
25.6,0
24.4,0
23.2,0
22.1,0
21.7,0
21.2,0
21,0
20.6,0
20.5,0
20.2,20
21.1,77
22.6,226
23.2,330
23,397
25.1,421
26.3,601
26.1,282
25.8,206
26,344
26.1,344
25.6,125
24.9,38
24.3,21
23.5,7
23.2,0
22.3,0
21.3,0
20.4,0
19.6,0
18.8,0
18.3,0
17.8,0
17.5,0
17.8,17
19.4,188
21.3,386
23.2,586
25.1,765
26.6,865
26.6,492
26.6,515
26.6,509
26.4,440
25.9,360
25.3,293
24.6,210
23.7,119
22.7,43
21.8,0
20.6,0
19.3,0
18.1,0
17.4,0
16.6,0
16.2,0
15.9,0
15.6,0
16,22
17.1,156
18.2,291
19.6,488
21.5,787
22.7,779
23.4,693
23.9,734
24.1,582
23.4,276
22.4,111
21.6,100
20.7,34
19.9,19
19.2,6
18.6,0
17.7,0
16.8,0
15.9,0
15.1,0
14.1,0
13.6,0
13.1,0
12.7,0
12.8,10
13.9,116
15.3,254
16.9,420
18.1,477
18.9,507
19.4,468
20,569
20.3,522
20.4,442
20.6,564
20.8,531
20.7,446
20.2,248
19.2,78
18.2,1
17.4,0
16.7,0
16,0
15.8,0
15.7,0
15.6,0
15.5,0
15.4,0
15.6,9
16.8,99
18,195
19.3,310
20.4,373
21.5,452
22.6,552
23.2,495
23.6,470
24,466
24.1,422
24.2,397
24.2,356
23.6,205
22.8,71
21.9,0
20.9,0
20,0
19,0
18.3,0
17.5,0
17.1,0
16.6,0
16.3,0
16.5,11
17.7,129
19.1,260
20.4,384
22,561
23.4,665
24.7,758
25.7,782
26.4,739
26.7,667
26.8,562
26.5,445
25.9,311
24.9,153
23.8,42
22.7,0
21.7,0
20.7,0
19.7,0
19.1,0
18.5,0
18.2,0
17.8,0
17.6,0
17.8,11
19.2,141
20.8,289
22.5,450
24.2,591
25.8,725
27.2,803
28.3,831
29,805
29.5,725
29.5,595
29.3,477
28.6,336
27.6,189
26.3,57
25.1,0
23.8,0
22.4,0
21,0
20,0
19,0
18.4,0
17.9,0
17.5,0
17.4,2
16.6,13
17.5,40
17.7,42
17.5,55
17.9,66
18.1,147
19.5,586
20.9,732
21.9,726
22.3,469
22.1,295
22.2,239
22.1,239
21.6,70
21,0
20.6,0
20.2,0
19.9,0
19.8,0
19.8,0
19.8,0
19.8,0
19.7,0
19.7,2
20.3,56
21.2,128
22,178
22.5,247
23.7,341
24.3,337
25.1,424
25.8,478
26.1,421
26.4,311
26.2,222
25.9,164
25.4,94
24.3,29
23,0
23.4,0
22.5,0
21.6,0
20.5,0
19.6,0
19.1,0
18.6,0
18,0
18.2,2
18.7,48
19.5,133
20.2,195
20.6,213
21.3,269
22.1,394
22.6,374
23.1,415
23.5,413
23.7,387
23.8,338
22.8,265
23,181
22.8,62
22.1,0
20.7,0
19.4,0
18,0
17,0
16,0
15.5,0
14.9,0
14.5,0
14.7,9
16.2,166
18,365
19.9,570
21.5,693
23,813
22.5,347
22,329
21.7,355
21.4,345
21,294
20.6,269
20,177
19.3,82
18.4,12
17.5,0
16.6,0
15.7,0
14.8,0
14,0
13.6,0
13.3,0
13,0
12.8,0
12.8,4
13.6,75
14.5,153
15.6,267
16.8,379
17.8,422
17.9,413
19.1,481
19.5,427
19.7,387
19.6,293
19.3,236
18.9,178
18.3,102
17.4,4
16.5,0
15.5,0
14.6,0
13.6,0
12.8,0
12,0
11.6,0
11.1,0
10.8,0
10.9,6
11.9,105
13.1,216
14.2,309
15.2,408
16.4,525
17.3,561
18,584
18.4,517
18.7,495
18.6,386
18.3,297
17.7,202
16.9,106
15.9,5
15,0
14.1,0
13.2,0
12.3,0
11.8,0
11.3,0
11,0
10.7,0
10.5,0
10.6,6
12.2,124
14,281
16,448
17.9,574
19.7,695
21.2,781
22.5,806
23.3,773
23.8,707
24,620
23.9,502
23.2,348
22.1,185
20.6,24
19.2,0
17.9,0
16.5,0
15.1,0
14.1,0
12.9,0
12.2,0
11.5,0
11,0
11,6
12.4,139
14.1,319
15.9,503
17.7,669
19.4,798
20.7,881
21.8,914
22.6,892
23,823
23.1,700
22.8,543
21.9,365
20.7,183
19.1,17
17.7,0
16.3,0
14.8,0
13.4,0
12.9,0
12.2,0
11.9,0
11.6,0
11.3,0
11.3,2
12,65
13.1,173
14.2,264
15.4,369
16.5,450
17.5,527
18.4,566
19.1,576
19.4,500
19.5,415
19.2,285
18.7,193
17.9,88
16.9,4
16.4,0
15.9,0
15.4,0
14.9,0
14.6,0
14.4,0
14.2,0
14.2,0
14,0
14.1,1
14.8,49
15.7,128
16.7,211
17.7,293
18.7,368
19.7,425
20.5,461
21.1,443
21.4,391
21.6,323
21.4,259
21.1,184
19.9,98
19.5,9
18.7,0
17.6,0
16.5,0
15.3,0
14.3,0
13,0
12.4,0
11.7,0
11.2,0
11.2,3
12.3,108
13.7,257
15.3,417
16.8,552
18.3,674
19.6,764
20.6,786
21.4,787
21.8,723
21.9,615
21.6,466
20.9,314
19.8,158
18.5,15
17.4,0
16.4,0
15.3,0
14.2,0
13.9,0
13.4,0
13.2,0
12.9,0
12.7,0
12.8,4
14.4,132
16.6,335
18.5,471
20.5,627
22.4,768
22.8,536
23.3,592
23.9,640
23.9,511
23.9,461
23.3,326
22.5,240
21.5,127
20.2,5
19.3,0
18.5,0
17.6,0
16.7,0
16.2,0
15.6,0
15.3,0
15,0
14.8,0
14.8,3
16.1,106
17.7,252
19.6,417
21.5,571
23.2,695
24.8,770
25.9,780
26.8,763
27.3,691
27.4,583
27.1,449
26.3,289
25.1,137
23.7,8
22.8,0
21.9,0
21,0
20.1,0
19.5,0
18.9,0
18.6,0
18.3,0
18,0
18,2
18.8,69
19.7,153
20.7,250
21.8,353
23,457
24,527
24.9,561
25.4,492
25.6,439
25.6,361
25.4,263
24.8,172
24.1,75
23.2,3
22.3,0
21.5,0
20.5,0
19.7,0
18.5,0
18.3,0
17.9,0
17.5,0
17.3,0
17.3,1
17.7,47
18.4,128
19,209
19.6,248
20.4,310
20.7,289
20.8,233
21,277
21,253
20.6,191
20,167
18.7,97
19.8,50
19.7,3
18.9,0
18.1,0
17.4,0
16.6,0
16.1,0
15.6,0
15.3,0
15,0
14.8,0
14.8,2
16.2,110
18.1,278
20.2,456
22.2,620
24.2,746
25.9,831
27.2,863
28.2,843
28.8,776
29,661
28.7,507
27.9,331
26.6,155
25.1,9
24,0
22.8,0
21.7,0
20.6,0
19.7,0
18.9,0
18.5,0
18.1,0
17.8,0
17.8,1
17.7,33
18.4,78
20.5,467
21.7,464
22.9,592
22.3,69
22.3,252
23.8,968
24.4,615
23.5,55
22.7,42
22.1,27
21.5,13
20.9,2
19.9,0
19,0
18,0
17,0
16.1,0
15,0
14.5,0
13.9,0
13.5,0
13.4,1
14.6,106
16.3,270
18.2,446
20.1,608
21.8,739
23.4,822
24.6,853
25.4,828
26,762
26.1,646
25.8,492
24.9,317
23.7,143
22.2,6
21.2,0
20.2,0
19.2,0
18.2,0
17.7,0
17.2,0
16.9,0
16.6,0
16.4,0
16.4,1
17.6,99
19.4,260
21.4,433
23.4,591
25.3,717
26.9,795
28.2,830
29.2,819
29.8,759
30,646
29.8,493
29,319
27.7,146
26.3,8
25.3,0
24.3,0
23.3,0
22.3,0
21.6,0
20.8,0
20.4,0
19.9,0
19.6,0
19.6,1
20.6,87
22.2,238
23.8,382
25.3,483
26.8,620
28.1,658
29.1,713
29.8,656
30.2,611
30.4,545
30.1,412
29.5,283
28.5,142
27.3,9
26.2,0
25.2,0
24.1,0
23.1,0
22.4,0
21.7,0
21.4,0
21.1,0
20.9,0
20.9,1
21.9,85
23.3,232
24.9,391
26.5,529
28,643
29.3,713
30.4,758
31.3,767
31.8,671
32,576
31.8,427
31.2,280
30.3,127
29.2,4
27.9,0
26.6,0
25.3,0
23.9,0
22.6,0
21.1,0
20.3,0
19.5,0
18.9,0
18.8,1
19.7,83
21,225
22.4,375
23.9,520
25.3,653
26.6,743
27.7,773
28.4,764
28.8,687
28.9,558
28.6,424
27.8,260
26.8,113
25.5,3
24.1,0
22.6,0
21.2,0
19.7,0
18.8,0
17.8,0
17.3,0
16.8,0
16.4,0
16.3,0
17.4,100
19,268
20.7,432
22.2,536
23.8,697
24.1,446
24.5,543
24.9,560
25.1,489
25.1,469
24.6,274
23.8,165
23,101
22,6
20.5,0
19.1,0
17.6,0
16.2,0
15.1,0
14,0
13.4,0
12.7,0
12.3,0
12.2,0
13.1,81
14.5,235
16.2,406
17.9,557
19.6,690
21,776
22.1,799
22.9,777
23.4,718
23.5,601
23.2,450
22.4,280
21.2,117
19.9,3
19,0
18.1,0
17.2,0
16.4,0
16,0
15.6,0
15.5,0
15.3,0
15.2,0
15,1
16,73
16.6,105
16.8,213
17.6,149
19.1,374
18.8,63
19.1,241
19,106
20.2,601
21,535
21.4,405
21.6,313
20.9,54
20.2,1
19.4,0
18.6,0
17.8,0
17,0
16.3,0
15.4,0
14.9,0
14.5,0
14.1,0
14,0
14.9,81
16.5,251
18.4,430
20.1,565
21.7,682
22.9,699
23.6,665
24.1,639
24.3,544
24.2,471
23.8,354
22.9,220
21.9,96
20.7,1
20.1,0
19.6,0
19.1,0
18.5,0
18.5,0
18.5,0
18.5,0
18.5,0
18.6,0
18.6,0
19.2,46
20.1,132
21.3,216
22.4,303
23.7,407
24.8,475
25.7,483
26.4,476
26.9,440
27.1,366
26.9,258
26.4,155
25.7,55
24.9,1
23.7,0
22.5,0
21.4,0
20.2,0
18.9,0
17.5,0
16.7,0
15.9,0
15.4,0
15.2,0
16,74
17.2,223
18.7,383
20.2,528
21.6,643
22.8,714
23.7,736
24.4,718
24.7,656
24.7,546
24.4,405
23.6,246
22.5,93
21.3,1
20.7,0
20.1,0
19.6,0
19,0
19.1,0
19.2,0
19.3,0
19.4,0
19.4,0
19.4,0
18.6,41
20.4,95
21.2,179
22.4,190
22.7,135
23.3,238
23.7,229
24.5,368
24.8,270
25,241
25,237
25.1,169
24.8,105
24.2,6
23.5,0
22.7,0
21.9,0
21.4,0
20.7,0
19.9,0
19.4,0
19,0
18.7,0
18.6,0
18.9,46
19.9,128
20.6,174
21.6,297
21.8,211
22.4,324
23.1,426
23.6,377
23.9,366
24.3,452
24.4,325
24.4,315
23.9,104
23.1,4
22.3,0
21.4,0
20.5,0
19.6,0
18.9,0
18.4,0
18.1,0
17.8,0
17.5,0
17.3,0
17.5,34
16.8,121
17.3,254
20,351
20.4,287
20.8,301
20.2,114
20.2,143
20.2,161
19.9,48
19.6,89
19.4,94
18.1,45
18.2,1
18,0
17,0
16.8,0
16.8,0
16.4,0
16,0
15.7,0
15.5,0
15.3,0
15.3,0
15.7,40
17.3,216
18.6,306
20.4,505
21.9,597
22.7,509
23.3,507
23.6,486
23.6,373
23.4,312
23,236
22.4,177
21.7,106
20.7,1
20.4,0
20,0
19.6,0
19.2,0
19.1,0
19,0
19,0
18.9,0
18.9,0
18.9,0
19.4,36
20.5,134
21.7,225
23.1,335
24.3,406
25,345
25.8,429
26.3,412
26.8,425
27.2,419
27.5,406
27.4,278
26.7,93
25.9,1
24.4,0
22.9,0
21.5,0
20.1,0
18.7,0
17.3,0
15.8,0
14.9,0
14.3,0
14.2,0
14.7,47
15.9,166
17.4,307
19.2,468
20.8,572
22,605
22.9,600
23.7,637
24.1,579
24.1,435
23.9,371
23.2,257
22.1,97
20.9,1
19.4,0
17.9,0
16.4,0
14.8,0
14,0
13.1,0
12.7,0
12.2,0
12,0
11.9,0
12.9,67
14.8,236
17.1,426
19.4,597
21.6,733
23.5,816
25.1,848
26.2,821
26.9,740
27.1,614
26.7,445
25.7,258
24.2,84
22.6,0
21.5,0
20.3,0
19.2,0
18,0
16.9,0
15.8,0
15.2,0
14.6,0
14.2,0
14.1,0
14.7,51
16.2,185
18,342
20,487
21.7,592
23.3,669
24.6,715
25.5,694
26.1,623
26.1,500
25.8,368
24.8,197
23.5,65
22.1,0
21.1,0
20,0
19,0
17.9,0
17.4,0
16.9,0
16.4,0
16.1,0
15.8,0
15.7,0
16.4,29
18.9,212
20.6,318
22.7,487
23.8,486
24.6,476
25.4,537
26.3,648
26.9,595
27.1,498
26.6,333
25.7,186
24.5,57
23.3,0
22.1,0
21,0
19.9,0
18.7,0
17.7,0
16.6,0
15.5,0
15,0
14.5,0
14.1,0
14.7,27
16.9,211
19.1,389
21.1,554
22.9,683
24.5,770
25.7,799
26.6,780
27,701
27.1,579
26.6,416
25.6,234
24.2,71
22.8,0
21.5,0
20.3,0
19,0
17.7,0
16.6,0
15.3,0
14,0
13.3,0
12.6,0
12.1,0
12.7,25
14.9,203
17.1,376
19.2,532
21.1,656
22.7,736
23.9,767
24.7,746
25.1,677
25.1,554
24.4,393
23.2,218
21.7,62
20.1,0
18.7,0
17.2,0
15.8,0
14.4,0
13.4,0
12.3,0
11.2,0
10.6,0
10,0
9.5,0
10.1,24
12.4,207
14.7,384
16.9,545
18.8,669
20.4,746
21.6,775
22.4,748
22.8,674
22.7,549
22,390
20.7,215
19,28
18.2,0
17.4,0
16.5,0
15.7,0
14.9,0
14.6,0
14.3,0
13.9,0
13.8,0
13.6,0
13.5,0
13.6,5
14.7,83
16.1,194
17.3,267
17.9,262
18.8,348
19.9,464
20.7,459
21,365
21.1,331
21,246
20.3,113
19.3,5
18.8,0
18.3,0
17.7,0
17.2,0
16.6,0
15.8,0
15.5,0
15.3,0
14,0
14.7,0
14.6,0
14.7,6
15.3,57
15.9,105
16.5,155
17,197
17.5,226
17.8,226
18.1,231
18.1,190
18.1,150
17.8,102
17.5,56
17,4
16.5,0
16,0
15.5,0
14.9,0
14.5,0
13.6,0
13.8,0
13.4,0
12,0
12.9,0
12.9,0
13,5
13.6,49
14.1,95
14.7,142
15.1,158
15.4,163
15.6,179
15.8,179
15.9,157
15.8,131
15.5,86
15.3,46
15.1,4
14.5,0
13.9,0
12.9,0
12.6,0
11.9,0
11.2,0
10.1,0
9.1,0
8.6,0
8,0
7.6,0
7.7,7
8.6,87
9.4,162
10.1,238
10.9,315
11.6,353
12,357
12.3,358
12.4,308
12.3,240
12,168
11.4,74
10.6,4
10.3,0
9.9,0
9.6,0
9.2,0
8.9,0
9,0
9.1,0
9.2,0
9.3,0
9.2,0
9.4,0
9.8,13
10.7,67
11.3,99
12.2,174
13.2,263
14.1,288
14.8,311
15.1,252
15.3,225
15.4,212
15.1,127
14.6,74
13.9,3
13.6,0
13.2,0
12.1,0
12.3,0
12.1,0
11.7,0
11.3,0
10.8,0
10.5,0
10.3,0
10.2,0
10.3,8
11.3,87
12.3,165
13.2,233
14.1,318
14.8,334
15,353
15.6,291
15.6,254
15.5,197
15,125
14.5,65
13.8,3
13.4,0
13,0
12.6,0
12.2,0
11.8,0
11.5,0
11.3,0
11,0
10.9,0
10.7,0
10.6,0
11,14
13.5,185
15.9,362
18.3,520
20.4,633
22.1,708
23.4,727
24.2,694
24.6,616
24.6,498
23.9,339
22.6,170
20.9,10
20.1,0
19.3,0
18.5,0
17.7,0
16.9,0
16.3,0
15.5,0
14.8,0
14.4,0
14,0
13.6,0
13.9,7
14.7,81
15.6,162
16.4,232
17.1,272
17.7,319
18.1,329
18.3,284
18.3,248
18.2,184
17.9,129
17.3,60
16.7,3
15.6,0
15.4,0
14.8,0
14.1,0
13.5,0
13.1,0
12.6,0
12.2,0
12,0
11.8,0
11.6,0
11.7,3
12.1,36
13.3,145
14.2,188
16.2,444
17.9,515
18.3,316
18.5,282
18.9,389
19.6,499
19.9,385
19.4,188
18.4,16
17.6,0
16.8,0
16.1,0
15.3,0
14.5,0
13.7,0
12.9,0
12.1,0
11.7,0
11.3,0
10.9,0
10.9,3
10.9,20
10.9,44
10.8,59
10.9,78
11,84
10.8,87
10.8,79
10.5,69
10.5,62
10.5,44
9.8,22
8.4,2
9.8,0
9.9,0
9.9,0
8.9,0
9.4,0
10,0
10.4,0
10.7,0
10.9,0
11.2,0
11.3,0
11.5,2
12,26
12.5,59
14,220
14,51
15.1,279
17.8,714
20.1,788
20.9,504
21.4,401
20.7,129
19.7,17
18.8,2
18.2,0
17.6,0
17,0
16.5,0
15.9,0
14.7,0
13.5,0
12.3,0
11.7,0
11,0
10.5,0
10.7,8
11.8,118
13,224
14.1,316
15.1,400
15.8,417
16.4,453
16.8,448
17.1,429
17,340
16.6,215
15.8,86
14.8,2
13.9,0
13.1,0
12.2,0
11.3,0
10.4,0
9.9,0
9.4,0
8.9,0
8.6,0
8.3,0
8.1,0
8.3,7
9.9,130
11.8,278
13.7,421
15.1,482
16.3,537
17.4,585
18.1,572
18.6,540
18.6,432
18.1,279
17,116
15.6,2
15.1,0
14.6,0
14.1,0
13.5,0
13,0
12.7,0
12.4,0
12,0
11.9,0
11.7,0
11.6,0
11.6,2
12.7,86
13.9,173
15,248
15.9,301
16.6,321
17.2,340
17.6,319
17.7,289
17.7,237
17.4,172
16.9,78
16.1,2
15.4,0
14.8,0
14.1,0
13.4,0
12.8,0
12.2,0
11.5,0
10.9,0
10.5,0
10.2,0
10,0
10,2
11.2,101
12.6,217
14.1,333
15.5,455
16.8,514
17.7,529
18.2,482
18.2,350
18.1,304
17.6,211
16.7,108
15.7,3
15,0
14.3,0
13.7,0
13,0
12.3,0
11.8,0
11.3,0
10.8,0
10.5,0
10.2,0
10,0
10,4
11.4,107
13.2,255
15.1,399
16.8,498
18,537
18.9,539
19.5,520
19.9,506
19.9,387
19.6,311
18.7,151
17.4,8
16.9,0
16.4,0
15.9,0
15.4,0
14.9,0
14.6,0
14.4,0
14.2,0
14.1,0
14,0
13.9,0
14.2,12
15.1,79
16.3,177
17.6,285
19,383
20.4,514
22,638
23,599
22.9,316
22.6,259
21.7,107
21.1,139
20.1,8
19.6,0
19.1,0
18.6,0
18.1,0
17.6,0
17,0
16.4,0
15.8,0
15.4,0
15.2,0
14.9,0
15,6
15.8,76
16.8,171
17.4,213
17.9,221
18.2,210
18.5,263
18.8,284
19,254
18.9,169
18.5,79
18,34
16.8,1
16.8,0
16.3,0
15.7,0
15.1,0
14.3,0
14.1,0
13.6,0
13.2,0
13,0
12.7,0
12.6,0
12.4,2
13.3,57
14.2,134
15.1,217
15.9,257
16.5,291
17,288
17.3,286
17.4,242
17.4,197
17,121
16.6,55
16,1
15.4,0
14.7,0
14.1,0
13.5,0
12.8,0
12.3,0
11.8,0
11.2,0
10.9,0
10.6,0
10.5,0
10.6,4
12.1,124
13.9,260
15.6,395
17,454
18.2,515
19.2,568
20,571
20.4,499
20.4,386
19.9,246
18.9,100
17.6,1
16.5,0
15.5,0
14.4,0
13.3,0
12.2,0
11.1,0
10,0
8.8,0
8.2,0
7.5,0
7.1,0
7,3
8.4,136
10.2,313
12,476
13.6,607
14.9,688
15.9,707
16.5,672
16.7,584
16.6,448
15.8,278
14.5,105
13.1,1
12.5,0
11.8,0
11.2,0
10.6,0
9.9,0
9.9,0
9.8,0
9.8,0
9.8,0
9.7,0
9.7,0
9.8,3
11.6,128
13.9,296
16.1,457
18.2,579
19.9,655
21.2,679
22.1,649
22.6,559
22.5,427
21.7,261
20.4,95
18.9,0
18.3,0
17.7,0
17.1,0
16.5,0
15.9,0
15.2,0
14.6,0
13.9,0
13.5,0
13.2,0
13,0
13,1
13.8,73
14.9,164
15.8,238
17,352
17.9,394
18.6,419
19.1,386
19.3,344
19.4,277
18.9,137
18.2,68
17.4,0
16.3,0
15.1,0
14,0
12.7,0
11.4,0
10.1,0
8.8,0
7.5,0
6.8,0
6,0
5.5,0
5.5,3
7.1,104
9.5,263
11.8,403
13.8,491
15.3,530
16.4,533
17.1,533
17.4,444
17.2,351
16.2,201
14.7,68
13.1,0
12.2,0
11.4,0
10.5,0
9.7,0
8.8,0
8.5,0
8.1,0
7.8,0
7.6,0
7.4,0
7.3,0
7.3,1
7.6,14
8.2,52
9.1,110
9.3,65
10.4,208
11.3,226
12.3,318
13.6,377
14.5,368
14.8,275
14.3,93
13.4,1
13.2,0
13,0
12.8,0
12.6,0
12.4,0
12.1,0
11.9,0
11.6,0
11.5,0
11.2,0
11.3,0
10.9,1
10.9,12
11.5,31
12,52
12.3,65
12.5,74
12.6,77
12.8,69
12.6,57
12.7,43
12.5,24
11.9,8
11.9,0
10,0
11.4,0
10.5,0
9.5,0
9.7,0
10.3,0
9.7,0
9.7,0
9.5,0
9.4,0
9.3,0
9.4,1
9.6,11
10,31
10.3,40
10.8,79
11.2,85
11.4,79
13.7,507
15.3,455
16.2,341
16.4,214
15.8,68
15,0
14.7,0
14.3,0
13.9,0
13.6,0
13.2,0
12.7,0
12.2,0
11.7,0
11.5,0
11.2,0
11.1,0
11.1,1
11.2,8
11.3,20
12.6,132
13,88
13.7,163
13.4,104
15.9,493
17,393
17.6,297
17.4,134
16.8,51
16,0
15.5,0
14.9,0
14.3,0
13.8,0
13.2,0
12.5,0
11.9,0
11.2,0
10.9,0
10.6,0
10.3,0
10.4,0
11.2,45
11.1,22
12.8,208
14.7,324
15.4,233
16.6,370
17.7,419
18.4,369
18.5,274
18.1,159
17.1,22
16.1,0
15.5,0
14.8,0
14.1,0
13.5,0
12.8,0
12.2,0
11.6,0
11,0
10.8,0
10.5,0
10.4,0
10.5,3
12.3,124
14.7,314
17.3,503
19.7,646
20.5,473
19.7,212
19,213
18.4,184
17.4,85
16.6,72
15.6,5
14.9,0
14.2,0
13.5,0
12.8,0
12.1,0
11.4,0
10.4,0
9.4,0
8.3,0
7.8,0
7.2,0
6.8,0
6.8,1
8.4,92
10.7,241
13.1,386
15.3,495
17.2,560
18.7,592
19.7,570
20.1,487
20,371
19,214
17.2,32
16.2,0
15.3,0
14.4,0
13.4,0
12.5,0
11.5,0
10.9,0
10.2,0
9.6,0
9.2,0
8.9,0
8.6,0
8.6,0
10.2,86
12.4,231
14.9,371
17.1,478
19,541
20.4,562
21.3,524
21.6,446
21.4,324
20.3,178
18.6,19
17.9,0
17.2,0
16.5,0
15.8,0
15.1,0
14.3,0
13.8,0
13.3,0
12.7,0
12.4,0
12.1,0
11.9,0
11.9,0
13.2,68
15.5,213
17.6,315
18.9,321
20,369
21,399
22.1,473
22.5,363
22.6,318
22.2,221
20.8,41
20,0
19.1,0
18.3,0
17.4,0
16.6,0
15.7,0
15,0
14.3,0
13.6,0
13.3,0
12.9,0
12.7,0
12.7,0
14,77
15.8,201
17.4,288
19.8,489
21.5,518
22.5,454
23,428
23.3,388
23,257
22.2,161
20.8,16
20.1,0
19.4,0
18.7,0
18,0
17.3,0
16.6,0
16,0
15.3,0
14.6,0
14.3,0
13.9,0
13.7,0
13.7,0
14.4,46
15.6,134
16.7,198
17.8,263
18.7,302
19.3,282
19.6,243
19.7,225
19.4,151
18.8,71
18,4
17.4,0
16.8,0
16.2,0
15.6,0
15,0
14.4,0
14,0
13.6,0
13.1,0
12.9,0
12.7,0
12.5,0
12.5,0
12.9,20
13.5,55
14.4,121
14.7,93
16.5,325
17.6,298
18.3,289
19.4,407
20,323
20,191
19.1,35
18.6,0
18.2,0
17.8,0
17.3,0
16.9,0
16.4,0
16,0
15.6,0
15,0
14.9,0
14.7,0
14.6,0
14.5,0
13.5,19
15.2,51
15.4,88
16.1,103
16.2,111
16,108
16.7,100
16.7,84
16.7,69
16.4,34
16.2,3
15.7,0
15.3,0
14.9,0
14.5,0
14,0
13.6,0
12.8,0
11.9,0
11,0
10.6,0
10.1,0
9.8,0
9.7,0
10.8,67
13.2,242
15.7,398
17.4,435
18.8,479
19.8,483
20.2,389
20.2,343
19.7,230
18.7,121
17.2,10
16.4,0
15.6,0
14.8,0
14,0
13.2,0
12.4,0
11.8,0
11.1,0
10.5,0
10.2,0
9.8,0
9.6,0
9.5,0
10.1,34
11.2,119
12.3,191
13.5,273
14.4,290
15.1,316
15.6,287
15.7,226
15.4,156
14.7,62
13.8,2
13.6,0
13.3,0
13,0
12.7,0
12.5,0
12.2,0
12,0
11.8,0
11.9,0
11.5,0
11.2,0
11.9,0
11.8,0
12.2,11
10.9,42
12.7,62
13.5,80
13.9,101
14.2,98
14.4,85
14.4,76
14.4,60
14.3,28
14,2
13.5,0
13.3,0
13,0
12.7,0
12.4,0
12.1,0
11.3,0
10.5,0
9.7,0
9.3,0
8.9,0
8.6,0
8.5,0
9.4,52
10.8,160
12.8,304
14.6,396
16,438
16.9,429
17.3,364
17.4,297
17,202
16,92
14.8,2
14.2,0
13.7,0
13.2,0
12.7,0
12.1,0
11.6,0
11.3,0
11,0
10.5,0
10.4,0
9.3,0
10.1,0
10.2,0
10.4,17
10.9,66
11.7,119
12,113
12.5,152
13,191
13.2,171
13.1,78
12.8,46
12.4,24
12,2
12,0
11.9,0
11.9,0
11.8,0
11.4,0
11.5,0
11.8,0
11.8,0
11.8,0
11.9,0
12,0
12.1,0
12.1,0
12.5,9
13.5,66
14.5,120
15.4,158
16.1,182
16.6,185
16.9,169
17,141
16.8,97
16.3,43
15.7,2
15.2,0
15,0
14.6,0
14.2,0
13.6,0
12.8,0
13,0
12.5,0
12,0
11.7,0
11.4,0
11.2,0
11.1,0
11.4,12
12.7,102
13.8,179
14.8,240
15.8,303
16.4,306
16.8,268
16.8,226
16.5,147
15.8,68
15,2
14.3,0
13.6,0
13,0
12.3,0
11.6,0
10.9,0
10.3,0
9.6,0
9,0
8.6,0
8.3,0
8,0
7.8,0
9.2,46
10.2,114
10.4,107
12.1,314
12.8,274
13.5,306
14.6,448
14.6,261
14.6,250
14.1,150
13,7
12.4,0
11.7,0
11,0
10.3,0
9.7,0
9,0
8.5,0
8.1,0
7.6,0
7.4,0
7.2,0
7.1,0
6.9,0
7.1,4
7.3,15
8,74
9.2,180
11,355
12.7,445
13.8,416
14.5,394
14.6,254
14,117
12.9,2
12.3,0
11.6,0
11,0
10.3,0
9.7,0
9.1,0
8.4,0
7.6,0
6.9,0
6.5,0
6.1,0
5.9,0
5.6,0
6.2,21
8.7,186
11,337
12.9,438
14.4,506
15.5,527
16.1,484
16.2,379
15.6,261
14.3,109
12.8,2
12,0
11.1,0
10.3,0
9.4,0
8.6,0
7.8,0
7,0
6.3,0
5.6,0
5.2,0
4.8,0
4.5,0
4.2,0
4.8,19
7.1,176
9.2,322
11.1,430
12.7,504
13.8,518
14.3,464
14.3,370
13.7,241
12.5,106
11,1
10.3,0
9.5,0
8.8,0
8.1,0
7.3,0
6.6,0
6,0
5.4,0
4.8,0
4.4,0
4.1,0
3.8,0
3.6,0
3.8,9
5.1,111
6.4,211
7.5,284
8.4,324
9,330
9.2,284
9.2,228
8.7,140
7.9,54
7,1
6.7,0
6.3,0
5.9,0
5.5,0
5.1,0
4.7,0
4.5,0
4.4,0
4.2,0
4.2,0
4.1,0
4.1,0
4.1,0
4.5,11
6.3,122
8,222
9.4,292
10.6,341
11.4,339
11.8,309
11.9,250
11.4,149
10.5,60
9.5,1
9,0
8.5,0
8,0
7.5,0
7.1,0
6.6,0
6,0
5.3,0
4.6,0
4.1,0
3.7,0
3.4,0
3,0
3.1,10
4,115
5,219
5.8,306
6.4,336
6.7,329
6.8,298
6.7,255
6.2,155
5.5,66
4.7,1
4.5,0
4.4,0
4.2,0
4,0
3.8,0
3.7,0
4.1,0
4.7,0
5.2,0
5.6,0
5.9,0
6.1,0
6.4,0
6.6,3
8,60
8.5,72
9.4,93
10.2,134
11.2,198
12.3,239
13.1,239
13.7,228
13.6,112
12.7,5
12.4,0
12,0
11.6,0
11.3,0
10.9,0
10.5,0
9.7,0
8.8,0
8,0
7.5,0
7.1,0
6.7,0
6.4,0
6.7,10
8.3,134
10,261
11.5,358
12.7,411
13.6,432
14,396
14.1,315
13.6,202
12.6,79
11.4,1
10.7,0
9.9,0
9.1,0
8.4,0
7.6,0
6.8,0
6.3,0
5.7,0
5.1,0
4.9,0
4.6,0
4.4,0
4.2,0
4.5,9
6.5,141
8.4,271
10.3,385
11.8,451
12.8,455
13.4,423
13.6,349
13.1,221
12,87
10.7,0
9.8,0
8.8,0
7.9,0
7,0
6.1,0
5.1,0
4.2,0
3.2,0
2.2,0
1.7,0
1.2,0
0.9,0
0.5,0
0.6,2
1,34
2.8,201
3.7,208
5.8,479
6.4,310
6.3,189
5.1,29
4.2,18
3.4,7
2.7,0
2.3,0
2,0
1.7,0
1.4,0
1,0
0.7,0
0.5,0
0.4,0
0.3,0
0.3,0
0.2,0
0.2,0
0.2,0
0.4,2
1,25
1.8,56
2.5,77
3,87
3.5,103
6,392
7.4,324
7.9,207
7.4,76
6.4,0
5.9,0
5.4,0
4.9,0
4.3,0
3.8,0
3.3,0
2.5,0
1.7,0
0.9,0
0.4,0
0,0
-0.3,0
-0.6,0
-0.6,2
1,76
3.1,189
5.3,292
7,331
8,333
8.7,317
8.8,253
8.7,215
7.6,81
6.1,0
5.5,0
4.9,0
4.3,0
3.7,0
3.1,0
2.5,0
2.1,0
1.8,0
1.6,0
1.4,0
1.3,0
1.3,0
1.2,0
1.4,2
1.9,25
2.6,63
4.1,181
6.1,320
7.6,352
9,397
8,63
7,32
6.1,7
5.3,0
5.2,0
5,0
4.9,0
4.7,0
4.6,0
4.4,0
4,0
3.6,0
3.2,0
3,0
2.8,0
2.7,0
2.6,0
2.7,3
4,66
5.8,166
7.2,216
8.1,228
9,265
9.3,210
9.1,142
8.3,56
7.3,6
6.4,0
6.1,0
5.8,0
5.5,0
5.2,0
4.9,0
4.7,0
4.4,0
4.1,0
3.8,0
3.7,0
3.6,0
3.5,0
3.4,0
3.4,2
3.9,15
4.1,24
4.7,59
5,50
4.9,64
7.5,363
8.8,291
9.2,174
8.8,66
8,0
7.8,0
7.6,0
7.4,0
7.1,0
6.9,0
6.7,0
6.4,0
6.1,0
5.8,0
5.7,0
5.5,0
5.4,0
5.3,0
5.3,1
5.9,31
6.6,71
7.5,119
8.1,142
8.5,130
8.6,104
8.4,71
8.1,44
7.7,23
6.4,0
6.8,0
6.9,0
6.8,0
6.6,0
6.6,0
6.5,0
6.5,0
6.4,0
6.5,0
6.5,0
6.5,0
6.6,0
6.6,0
6.7,1
7.4,26
8.6,82
10.2,158
11.7,210
12.3,186
12.6,125
13.2,191
13.5,177
12.7,24
11.8,0
11.4,0
11,0
10.6,0
10.2,0
9.8,0
9.4,0
8.8,0
8.2,0
7.6,0
7.2,0
6.9,0
6.7,0
6.5,0
6.6,3
9.2,134
11.3,220
13.1,298
14.3,310
14.8,268
15.2,281
15.6,294
14.4,76
12.9,6
11.7,0
11.4,0
11,0
10.7,0
10.3,0
10,0
9.6,0
9.3,0
9.2,0
9,0
8.9,0
8.9,0
8.9,0
8.9,0
9,1
10.5,76
11.5,113
12.9,213
15.9,492
16.8,309
16.1,112
15.3,77
14.4,41
13.5,6
12.7,0
12.6,0
12.4,0
12.2,0
12,0
11.8,0
11.7,0
11.2,0
10.7,0
10.2,0
10,0
9.8,0
9.7,0
9.5,0
9.6,1
11.5,95
12.7,136
14.9,292
16.4,314
17.5,325
17.2,166
17,159
16.2,79
15.2,23
14.2,0
13.5,0
12.8,0
12.1,0
11.4,0
10.7,0
10,0
9.2,0
8.3,0
7.5,0
7,0
6.5,0
6.1,0
5.8,0
5.8,2
8.1,118
10.7,266
12.3,289
13.2,299
13.2,202
12.9,175
12.9,198
12.5,153
11.4,29
10.6,0
9.9,0
9.1,0
8.3,0
7.6,0
6.8,0
6.1,0
5.6,0
5.2,0
4.7,0
4.5,0
4.3,0
4.2,0
4,0
4.2,4
6.2,91
7.9,164
9.4,217
11.2,315
12,270
13,335
13.5,283
13.1,166
11.7,13
10.9,0
10.2,0
9.5,0
8.7,0
8,0
7.2,0
6.5,0
5.7,0
4.9,0
4,0
3.6,0
3.2,0
2.9,0
2.5,0
2.6,1
4.6,99
7.1,230
9.5,339
11.5,406
13,427
13.8,390
13.9,307
13.1,186
11.3,26
10.7,0
10,0
9.4,0
8.7,0
8,0
7.4,0
6.7,0
6.3,0
5.6,0
5,0
5,0
4.8,0
4.5,0
4.4,0
3.6,1
4,20
2.9,43
4.1,62
5.4,88
5.6,105
6,100
6,77
5.9,47
5.5,7
5.3,0
5.1,0
4.9,0
4.8,0
4.5,0
3.9,0
3.8,0
4.2,0
4.1,0
4.2,0
4.2,0
4.3,0
4.3,0
4.2,0
4.4,0
5.2,31
5.9,57
6.8,97
7.4,98
7.8,101
9.9,358
10.6,212
10.8,135
9.8,4
9.6,0
9.4,0
9.1,0
8.9,0
8.7,0
8.5,0
8.2,0
7.9,0
7.4,0
7,0
6.8,0
6.6,0
6.2,0
6.3,0
6.3,0
6.6,18
7.1,55
7.5,80
7.9,89
8.2,110
8.4,93
8.4,66
8.1,42
7.8,6
7.4,0
7.1,0
6.7,0
6,0
4.9,0
5.7,0
5.3,0
5.4,0
5.2,0
4.9,0
4.8,0
4.6,0
4.5,0
4.4,0
4.4,1
5.4,49
6.4,104
7.3,147
8,161
8.2,137
8.2,96
7.8,62
7.4,45
6.8,6
6.8,0
7,0
7,0
6.8,0
7.5,0
7.7,0
7.9,0
7.9,0
7.5,0
8.4,0
8.5,0
8.6,0
8.7,0
8.8,0
8.9,0
9.7,28
10.5,54
11.6,103
12.6,138
13.3,131
13.9,146
14,88
14,91
13.4,11
13,0
12.7,0
12.3,0
11.9,0
11.3,0
11.2,0
10.9,0
10.3,0
9.7,0
9.1,0
8.9,0
8.6,0
8.4,0
8.2,0
8.2,0
9,42
10.2,115
11.3,169
12.2,196
12.8,198
13.2,199
13.2,141
12.9,81
12.1,3
11.3,0
10.6,0
9.8,0
9,0
8.3,0
7.5,0
6.8,0
6,0
5.1,0
4.3,0
3.8,0
3.4,0
3,0
2.7,0
2.6,0
4.1,75
6.3,199
8.6,315
10.4,380
11.8,400
12.6,368
12.7,282
11.9,160
10.2,17
9.8,0
9.4,0
9,0
8.6,0
8.2,0
7.9,0
7.5,0
7.4,0
7.3,0
7.2,0
7.2,0
7.2,0
7.2,0
7.1,0
7.2,0
7.7,21
8.4,56
9.1,86
9.7,107
10.1,109
10.4,99
10.4,75
10.2,41
9.7,3
9.3,0
8.7,0
7.8,0
8.4,0
8.2,0
8,0
7.7,0
7.5,0
7.2,0
6.9,0
6.7,0
6.6,0
6.6,0
6.5,0
6.6,0
7.2,30
8.3,101
10.2,239
12.2,350
13.1,276
12.4,78
11.9,87
11.4,60
10.8,40
10.2,0
9.7,0
9.1,0
8.5,0
8,0
7.4,0
6.8,0
6,0
5.1,0
4.2,0
3.7,0
3.2,0
2.9,0
2.5,0
2.5,0
3.2,46
3.5,59
4.3,142
6,320
6.9,286
7.1,197
6.4,61
6,84
5.3,35
5,0
4.8,0
4.5,0
4.2,0
3.9,0
3.6,0
3.3,0
3.3,0
3.3,0
3.3,0
3.4,0
3.4,0
3.5,0
3.5,0
3.5,0
4.4,32
5,49
6,95
8.2,256
9.5,226
10.6,251
10.9,176
11,140
10.2,41
9.7,0
9.3,0
8.8,0
8.4,0
8,0
7.5,0
7.1,0
6.4,0
5.8,0
5.2,0
4.9,0
4.6,0
4.4,0
4.2,0
4.2,0
4.8,40
6.8,219
8,259
9.8,426
8.9,81
8.9,170
8,23
7.3,13
6.6,3
6.3,0
6,0
5.7,0
5.4,0
5.1,0
4.8,0
4.5,0
4.1,0
3.7,0
3.3,0
3.1,0
3,0
2.8,0
2.7,0
2.7,0
3.4,33
4.6,107
5.8,158
6.7,184
7.4,207
7.8,181
7.8,132
7.3,61
6.5,3
6.1,0
5.6,0
5.1,0
4.6,0
4.1,0
3.7,0
3.2,0
2.4,0
2.1,0
1.7,0
1.4,0
1.1,0
1,0
0.8,0
0.8,0
1.2,25
2,75
2.7,116
3.4,150
3.9,165
4.2,148
4.3,110
4,58
3.4,3
2.9,0
2.5,0
2,0
1.6,0
1.1,0
0.7,0
0.2,0
-0.2,0
-0.6,0
-1,0
-1.2,0
-1.4,0
-1.5,0
-1.7,0
-1.7,0
-1.1,42
0.1,153
1.9,317
2.8,295
3.3,268
3,138
2,21
1.2,12
0.5,2
0.3,0
0.2,0
0,0
-0.2,0
-0.3,0
-0.5,0
-0.7,0
-0.9,0
-0.8,0
-0.8,0
-0.8,0
-0.8,0
-0.9,0
-0.9,0
-0.9,0
-0.5,9
0.7,67
1.9,123
2.7,141
3.1,135
3.3,124
3.3,103
2.9,58
2.2,3
2.2,0
1.7,0
2.1,0
2,0
2,0
1.9,0
1.9,0
1.8,0
1.8,0
1.8,0
1.8,0
1.8,0
1.8,0
1.8,0
1.8,0
2.2,7
3.3,52
4.2,81
4.9,101
5.4,106
5.5,86
5.4,60
5.3,50
4.7,4
4.4,0
4,0
3.6,0
3.3,0
2.9,0
2.6,0
2,0
1.6,0
0.8,0
0,0
-0.4,0
-0.9,0
-1.3,0
-1.7,0
-2,0
-1.8,9
-1.1,56
-0.5,93
0.2,141
-0.2,34
0.7,246
1.1,196
0.9,100
0,2
0.2,0
0.4,0
0.7,0
0.9,0
1.1,0
1.3,0
1.5,0
1.1,0
2.2,0
2.7,0
3,0
3.3,0
3.6,0
3.8,0
4,0
4.4,4
5.1,20
5.8,32
6.3,43
6.5,42
7,38
7,29
6.9,15
6.5,2
6.5,0
6.4,0
6.4,0
6.4,0
6.3,0
6.3,0
6.1,0
5.7,0
5.2,0
4.7,0
4.4,0
4.1,0
3.9,0
3.7,0
3.5,0
3.7,6
3.9,16
4,25
4.2,31
4.2,30
5.8,280
6.5,201
6.7,119
6.1,7
5.6,0
5.2,0
4.7,0
4.3,0
3.9,0
3.4,0
3,0
2.6,0
2.2,0
1.8,0
1.6,0
1.3,0
1.1,0
1,0
0.8,0
0.9,5
1.5,42
2.1,72
2.5,91
2.7,96
2.8,85
2.8,64
2.5,35
2.1,2
1.6,0
1.6,0
1.3,0
1,0
0.8,0
0.5,0
0.2,0
0.1,0
0,0
-0.1,0
-0.2,0
-0.2,0
-0.3,0
-0.3,0
-0.3,0
-0.1,5
0.9,47
1.7,82
2.4,101
2.9,110
3.1,94
3.1,71
2.8,41
2.2,2
1.8,0
1.5,0
1.2,0
0.8,0
0.5,0
0.2,0
-0.2,0
-0.6,0
-1,0
-1.4,0
-1.6,0
-1.8,0
-2,0
-2.2,0
-2.3,0
-1.7,14
0.8,126
2.9,209
5,306
6.8,360
7.5,301
7.4,210
6.4,112
4.7,7
4.3,0
3.8,0
3.4,0
2.9,0
2.5,0
2,0
1.6,0
1.1,0
0.6,0
0.2,0
-0.1,0
-0.3,0
-0.5,0
-0.7,0
-0.9,0
-0.2,16
2.2,124
4,197
5.6,262
6.7,287
7.4,266
7.4,189
6.4,90
5,2
4.4,0
3.9,0
3.3,0
2.7,0
2.2,0
1.6,0
1.1,0
0.5,0
-0.1,0
-0.7,0
-1.1,0
-1.4,0
-1.7,0
-2,0
-2.2,0
-1.8,11
0.2,111
3,271
5,329
5.3,224
5.2,192
4.7,141
4,115
2.7,7
2.5,0
2.2,0
2,0
1.8,0
1.6,0
1.3,0
1.1,0
1.1,0
1.1,0
1.2,0
1.2,0
1.3,0
1.3,0
1.4,0
1.4,0
1.7,5
2.8,48
3.8,83
4.6,104
5.1,110
5.4,100
5.4,73
5.1,39
4.5,2
4.2,0
3.8,0
3.5,0
3.1,0
2.8,0
2.4,0
2.1,0
1.4,0
0.5,0
-0.4,0
-0.9,0
-1.4,0
-1.9,0
-2.3,0
-2.6,0
-2.5,9
-1.5,74
-0.4,144
0.3,180
0.8,187
1,185
0.9,129
0.3,70
-0.6,2
-0.5,0
-0.4,0
-0.3,0
-0.1,0
0,0
0.1,0
0.2,0
0.5,0
0.2,0
1.2,0
1.6,0
2,0
2.4,0
2.6,0
2.8,0
3.1,3
3.8,14
4.4,25
4.9,32
5.2,32
5.5,31
5.6,26
5.4,13
5.1,2
5,0
5.1,0
5.1,0
5.1,0
5.1,0
5.1,0
5.1,0
4.1,0
2.9,0
1.7,0
1.1,0
0.5,0
-0.2,0
-0.7,0
-1.1,0
-0.9,11
1.3,135
3.1,235
4.7,312
5.7,320
6,275
5.8,213
4.9,116
3.4,4
3.1,0
2.7,0
2.4,0
2.1,0
1.7,0
1.4,0
1,0
1.2,0
1.5,0
1.7,0
1.8,0
2,0
2.1,0
2.2,0
2.3,0
2.5,2
3.7,40
6,140
7.3,142
7.8,125
9.1,217
9.9,200
10.1,139
9,22
8.9,0
8.8,0
8.7,0
8.7,0
8.6,0
8.5,0
8.4,0
8.2,0
7.9,0
7.6,0
7.4,0
7.2,0
7,0
6.9,0
6.8,0
6.8,2
7,17
7.2,36
7.3,45
7.4,46
7.4,47
7.4,33
7.3,17
7.1,2
7,0
6.9,0
6.8,0
6.2,0
6.4,0
6.5,0
6.3,0
6.1,0
6.5,0
6.6,0
6.7,0
6.7,0
6.8,0
6.9,0
6.9,0
7.1,3
7.9,33
8.7,60
9.4,78
9.9,85
10.2,78
10.2,58
10,31
9.5,2
9.2,0
9,0
8.7,0
8.5,0
8.2,0
8,0
7.7,0
6.9,0
6,0
5,0
4.5,0
4,0
3.5,0
3.1,0
2.7,0
3.3,17
5,114
5.6,118
7.2,266
8.3,296
8.7,233
8.7,200
8.1,105
6.8,4
6.4,0
6.1,0
5.7,0
5.3,0
4.9,0
4.6,0
4.2,0
4.2,0
4.3,0
4.5,0
4.6,0
4.8,0
4.9,0
5,0
5.2,0
5.6,8
8.1,123
10.4,230
12.3,308
13.9,346
13,307
13,231
13,123
12.9,8
12.8,0
12.8,0
12.8,0
12.8,0
12.8,0
12.8,0
12.8,0
12.3,0
11.6,0
11,0
10.7,0
10.3,0
9.9,0
9.7,0
9,0
9.1,2
8.8,12
7.1,22
8.4,31
8.5,33
8.4,29
8.7,21
8.7,11
8.8,2
8.4,0
7.3,0
7.7,0
7,0
7,0
6.8,0
6.5,0
6.4,0
6.5,0
6.4,0
6.4,0
6.4,0
6.4,0
6.4,0
6.4,0
6.7,5
7.4,37
8.5,89
9.1,92
9.5,95
9.7,86
9.6,59
9.3,28
8.8,4
8.5,0
8.2,0
7.9,0
7.6,0
7.3,0
7,0
6.7,0
5.3,0
3.8,0
2.3,0
1.4,0
0.5,0
-0.4,0
-1,0
-1.7,0
-1.8,2
-1,71
0.2,186
1,222
1.8,292
2.2,283
2,181
1.3,103
0.2,8
0.2,0
0.3,0
0.3,0
0.3,0
0.3,0
0.3,0
0.3,0
1,0
1.7,0
2.5,0
2.9,0
3.4,0
3.8,0
4.1,0
4.5,0
4.8,2
5.8,17
6.8,34
7.6,42
8.2,44
8.5,37
8.6,29
8.5,19
8.1,2
8.1,0
7.5,0
7.9,0
8.1,0
8,0
8.2,0
8.2,0
7.2,0
6.1,0
5.1,0
4.5,0
3.9,0
3.4,0
3,0
2.5,0
2.6,4
3.4,66
4.3,135
4.9,174
5.4,191
5.6,183
5.6,140
5.2,70
4.5,2
3.7,0
3,0
2.2,0
1.5,0
0.8,0
0,0
-0.7,0
-1.1,0
-1.5,0
-2,0
-2.2,0
-2.4,0
-2.6,0
-2.8,0
-2.9,0
-2.8,3
-1.6,65
-0.2,139
0.7,167
1.5,187
1.7,156
1.6,104
1,58
0.2,3
-0.1,0
-0.5,0
-0.8,0
-1.1,0
-1.5,0
-1.8,0
-2.2,0
-2.6,0
-2.8,0
-3.5,0
-4.2,0
-3.4,0
-3.5,0
-3.8,0
-3.8,0
-3.8,2
-3.7,12
-3.7,22
-3.6,29
-3.6,30
-3.6,30
-3.7,23
-3.7,14
-3.8,3
-3.9,0
-4.2,0
-4.6,0
-4.5,0
-4.6,0
-4.8,0
-5,0
-5.2,0
-5.4,0
-5.6,0
-5.7,0
-5.8,0
-5.9,0
-5.9,0
-6,0
-5.7,5
-3.6,101
-1.6,185
0.1,251
1.4,279
1.9,239
1.9,170
1,87
-0.3,3
-0.7,0
-1,0
-1.4,0
-1.8,0
-2.1,0
-2.5,0
-2.8,0
-3.2,0
-3.6,0
-4,0
-4.2,0
-4.4,0
-4.6,0
-4.7,0
-4.8,0
-4.8,2
-2.9,81
-2.2,89
-1.3,134
1.1,325
2.3,283
3.1,268
2.9,151
1.6,20
1.2,0
0.7,0
0.2,0
-0.2,0
-0.7,0
-1.1,0
-1.6,0
-2,0
-2.5,0
-3,0
-3.3,0
-3.6,0
-3.8,0
-4,0
-4.2,0
-3.9,6
-1.6,114
0.8,222
2.9,301
4.5,334
5.3,318
5.5,244
4.6,130
2.9,13
2.7,0
2.4,0
2.2,0
1.9,0
1.7,0
1.5,0
1.2,0
1.1,0
1,0
0.9,0
0.9,0
0.8,0
0.8,0
0.8,0
0.8,0
1.2,8
3.8,117
6.4,221
8.4,278
9.7,290
10,216
9.7,166
8.8,96
7.3,3
7.1,0
6.9,0
6.7,0
6.4,0
6.2,0
6,0
5.8,0
5.5,0
5.1,0
4.8,0
4.6,0
4.4,0
4.3,0
4.1,0
4,0
4.1,2
5.4,57
6.1,77
7.2,135
8.3,188
9.3,211
9.8,188
9.9,143
9,24
8.6,0
8.2,0
7.7,0
7.3,0
6.9,0
6.5,0
6.1,0
5.7,0
5.3,0
4.9,0
4.7,0
4.4,0
4.2,0
4,0
3.9,0
3.9,2
4.2,23
4.5,51
4.8,71
5,80
5.1,71
5.1,52
4.9,25
4.3,3
4.3,0
3.9,0
3.7,0
3.3,0
3,0
2.7,0
2.3,0
